phase_id,phase_title,task_id,task_title,primary_owner,supporting_agents,execution_mode,parallel_group,risk,depends_on,allowed_paths,objective,validation,acceptance,acceptance_tier,acceptance_agents,acceptance_outcome,evidence,stop_if
HW-00,新仓创建与 Clean Foundation,HW00-01,创建公共仓库、公共数据边界与初始治理,parent_codex,luna_docs | terra_reviewer,workspace-write,A,high,,README.md | AGENTS.md | .codex/** | docs/** | .github/** | .gitignore | .gitattributes,初始化新仓，使任何 Agent 在写代码前都能识别产品目标、绿地规则、禁止迁移项和 Gate 流程。,Codex 指令发现 | TOML/Markdown/YAML/JSON 结构校验 | AGENTS 合并字节预算检查 | 公共 Ruleset 与 required checks 核对,仓库为空白绿地状态，无旧业务代码 | 根指令小于默认 32 KiB，并明确新架构唯一 Program | Luna/Terra/Sol 配置可被 Codex识别,sol-acceptance,terra_reviewer | sol_acceptance,ACCEPT,仓库设置截图/收据 | instruction-discovery.log | initial-tree.txt,需要修改未在 allowed_paths 中声明的路径 | 需要改变已接受 ADR、身份/Session、授权/Scope、TLS、原生权限或数据所有权边界 | 需要新增生产依赖、破坏性数据库操作或对外部系统写入，但任务未明确授权 | 当前工作树包含无法归属的用户修改；若本任务主动采用可选旧源，则该旧源无法绑定固定 commit
HW-00,新仓创建与 Clean Foundation,HW00-02,固定 Node、pnpm、TypeScript 与 Workspace 合同,terra_worker,luna_inventory | terra_tester,workspace-write,B,medium,HW00-01,package.json | pnpm-workspace.yaml | pnpm-lock.yaml | .npmrc | .nvmrc | tsconfig*.json | scripts/governance/**,建立唯一包管理器和最小根命令，避免把旧仓 Phase 01/02 根脚本迁入新仓。,pnpm install --frozen-lockfile | workspace inventory | second-lock negative test | missing-script negative test,唯一 lockfile | 从干净 clone 可 frozen install | 根命令不含 legacy phase 命名和 npm fallback,terra,terra_reviewer,APPROVED,toolchain-report.json | workspace-inventory.json | negative-tests.log,需要修改未在 allowed_paths 中声明的路径 | 需要改变已接受 ADR、身份/Session、授权/Scope、TLS、原生权限或数据所有权边界 | 需要新增生产依赖、破坏性数据库操作或对外部系统写入，但任务未明确授权 | 当前工作树包含无法归属的用户修改；若本任务主动采用可选旧源，则该旧源无法绑定固定 commit
HW-00,新仓创建与 Clean Foundation,HW00-03,冻结目标目录与依赖 DAG,terra_contracts,luna_explorer | terra_reviewer,workspace-write,B,medium,HW00-01,docs/architecture/** | docs/governance/** | scripts/governance/** | packages/**/package.json | apps/**/package.json | services/**/package.json,把 apps、platform services、domain services、pure contracts、infrastructure 和 database 的依赖方向固化为机器门禁。,dependency DAG positive/negative fixtures | workspace protocol scan | deep-import negative test,依赖图无环 | 每条禁止边可被自动检测 | 目录不是预创建的大而空框架；只有当前阶段真实需要的 workspace,terra,terra_reviewer,APPROVED,dependency-graph.json | boundary-check.log,需要修改未在 allowed_paths 中声明的路径 | 需要改变已接受 ADR、身份/Session、授权/Scope、TLS、原生权限或数据所有权边界 | 需要新增生产依赖、破坏性数据库操作或对外部系统写入，但任务未明确授权 | 当前工作树包含无法归属的用户修改；若本任务主动采用可选旧源，则该旧源无法绑定固定 commit
HW-00,新仓创建与 Clean Foundation,HW00-04,建立 Legacy Source Manifest,terra_migrator,luna_inventory | terra_reviewer,workspace-write,C,high,HW00-01,docs/migration/** | scripts/migration/**,建立可选本地旧代码源的只读迁移边界，任何迁移文件必须记录来源、测试和改造状态。,manifest schema test | unknown source negative test | source commit/hash verification,所有实际采用的旧资产可追溯；无旧源时有明确 no-source 记录 | 新仓不依赖旧仓运行时或 Git 子模块 | 本地 W0 治理提交不是新仓构建依赖,sol-acceptance,terra_reviewer | sol_acceptance,ACCEPT,LEGACY-SOURCE-MANIFEST.yaml | migration-policy-test.log,需要修改未在 allowed_paths 中声明的路径 | 需要改变已接受 ADR、身份/Session、授权/Scope、TLS、原生权限或数据所有权边界 | 需要新增生产依赖、破坏性数据库操作或对外部系统写入，但任务未明确授权 | 当前工作树包含无法归属的用户修改；若本任务主动采用可选旧源，则该旧源无法绑定固定 commit
HW-00,新仓创建与 Clean Foundation,HW00-05,冻结 Knowe 借鉴与排除矩阵,luna_docs,luna_explorer | terra_reviewer,workspace-write,C,low,HW00-01,docs/migration/KNOWE-ADOPTION-MATRIX.md | docs/architecture/**,只借鉴 Knowe 的群聊协作、Coordinator/Worker、Harness、Handoff、用户裁决、知识生命周期和事件回放思想，不复制其不适合医院生产的运行边界。,文档链接与 commit 校验 | adoption/exclusion pair completeness,每项借鉴都有 Hospital Workspace 落点 | 每项高风险机制都有明确排除或安全替代,terra,terra_reviewer,APPROVED,KNOWE-ADOPTION-MATRIX.md | source-reference-report.md,需要修改未在 allowed_paths 中声明的路径 | 需要改变已接受 ADR、身份/Session、授权/Scope、TLS、原生权限或数据所有权边界 | 需要新增生产依赖、破坏性数据库操作或对外部系统写入，但任务未明确授权 | 当前工作树包含无法归属的用户修改；若本任务主动采用可选旧源，则该旧源无法绑定固定 commit
HW-00,新仓创建与 Clean Foundation,HW00-06,创建基础 CI 与证据框架,terra_tester,luna_fixtures | terra_reviewer,workspace-write,D,medium,HW00-02 | HW00-03,.github/workflows/** | scripts/governance/** | docs/program/templates/** | evidence/**,让新仓从第一个提交开始具备可阻断的构建、契约、边界、证据和密钥检查。,CI dry run/static validation | evidence schema positive/negative tests | secret fixture negative test,required checks 可在空骨架中稳定通过 | 未执行平台测试不会被标为 PASS | 证据不允许真实患者数据或秘密,terra,terra_reviewer,APPROVED,CI run | evidence-schema-report.json | secret-scan-report.json,需要修改未在 allowed_paths 中声明的路径 | 需要改变已接受 ADR、身份/Session、授权/Scope、TLS、原生权限或数据所有权边界 | 需要新增生产依赖、破坏性数据库操作或对外部系统写入，但任务未明确授权 | 当前工作树包含无法归属的用户修改；若本任务主动采用可选旧源，则该旧源无法绑定固定 commit
HW-00,新仓创建与 Clean Foundation,HW00-07,接受 Foundation ADR 与 F0 Gate,parent_codex,terra_reviewer | terra_security,read-only,E,critical,HW00-02 | HW00-03 | HW00-04 | HW00-05 | HW00-06,AGENTS.md | .codex/** | docs/** | .github/** | package.json | pnpm-workspace.yaml | pnpm-lock.yaml | scripts/governance/**,独立确认新仓是干净目标架构，而不是旧仓的第二份复制。,全仓 governance | git diff --check | dependency graph | manifest audit,P0/P1 为零 | F0 仅代表允许开始迁移基础资产，不代表试点或生产,sol-phase-gate,terra_reviewer | terra_security | sol_phase_gate,PASS_RECOMMENDED,F0-gate-decision.md | independent-review.md,需要修改未在 allowed_paths 中声明的路径 | 需要改变已接受 ADR、身份/Session、授权/Scope、TLS、原生权限或数据所有权边界 | 需要新增生产依赖、破坏性数据库操作或对外部系统写入，但任务未明确授权 | 当前工作树包含无法归属的用户修改；若本任务主动采用可选旧源，则该旧源无法绑定固定 commit
HW-01,共享契约内核与干净数据库基线,HW01-01,建立 Contracts Core,terra_contracts,luna_fixtures | terra_reviewer,workspace-write,A,medium,,packages/contracts-core/**,定义所有跨边界协议共用的 ID、Actor、ContextRef、ScopeRef、Sensitivity、Trace 和版本字段。,contract unit tests | unknown-field tests | serialization snapshots,不依赖 React/Fastify/Prisma/Node request | 可表达人员、组织、患者、资产和项目上下文但不承载业务数据,terra,terra_reviewer,APPROVED,contract-snapshot.json | negative-fixtures.log,需要修改未在 allowed_paths 中声明的路径 | 需要改变已接受 ADR、身份/Session、授权/Scope、TLS、原生权限或数据所有权边界 | 需要新增生产依赖、破坏性数据库操作或对外部系统写入，但任务未明确授权 | 当前工作树包含无法归属的用户修改；若本任务主动采用可选旧源，则该旧源无法绑定固定 commit
HW-01,共享契约内核与干净数据库基线,HW01-02,建立 Event Envelope 与 Command Envelope,terra_contracts,luna_fixtures | terra_reviewer,workspace-write,A,high,HW01-01,packages/event-contracts/** | packages/command-contracts/**,冻结 at-least-once 事件与幂等命令协议，为 Outbox、Hub、Work Item 和 Agent 提供共同语义。,schema tests | idempotency fixtures | unknown-version quarantine tests,不承诺 exactly-once | 同一事件可安全重复消费 | 命令冲突显式返回 409/typed conflict,sol-acceptance,terra_reviewer | sol_acceptance,ACCEPT,event-command-contract-report.md,需要修改未在 allowed_paths 中声明的路径 | 需要改变已接受 ADR、身份/Session、授权/Scope、TLS、原生权限或数据所有权边界 | 需要新增生产依赖、破坏性数据库操作或对外部系统写入，但任务未明确授权 | 当前工作树包含无法归属的用户修改；若本任务主动采用可选旧源，则该旧源无法绑定固定 commit
HW-01,共享契约内核与干净数据库基线,HW01-03,迁移并净化 time/postgres/redis 基础能力,terra_migrator,luna_inventory | terra_tester,workspace-write,B,medium,,packages/time-core/** | packages/postgres-core/** | packages/redis-core/** | docs/migration/**,从 legacy 固定 commit 白名单复制三个小包，移除生成物和旧项目假设。,legacy source hash | package build/test | connection config negative tests,三个包职责单一 | 无对旧 repo 路径或 `@portal/*` 的依赖 | 无真实连接串和默认弱 TLS,terra,terra_reviewer,APPROVED,migration-receipts/*.json | package-test.log,需要修改未在 allowed_paths 中声明的路径 | 需要改变已接受 ADR、身份/Session、授权/Scope、TLS、原生权限或数据所有权边界 | 需要新增生产依赖、破坏性数据库操作或对外部系统写入，但任务未明确授权 | 当前工作树包含无法归属的用户修改；若本任务主动采用可选旧源，则该旧源无法绑定固定 commit
HW-01,共享契约内核与干净数据库基线,HW01-04,建立 Observability 与 Audit Kernel,terra_worker,luna_fixtures | terra_reviewer,workspace-write,B,medium,HW01-01,packages/observability/** | packages/audit-contracts/**,统一 trace、correlation、structured log、audit actor/action/result 和脱敏。,redaction tests | trace propagation fixtures | audit schema tests,日志可关联但不能反向暴露 Session/Token/患者敏感正文 | 测试可断言审计而不依赖外部 collector,terra,terra_reviewer,APPROVED,observability-contract-report.md,需要修改未在 allowed_paths 中声明的路径 | 需要改变已接受 ADR、身份/Session、授权/Scope、TLS、原生权限或数据所有权边界 | 需要新增生产依赖、破坏性数据库操作或对外部系统写入，但任务未明确授权 | 当前工作树包含无法归属的用户修改；若本任务主动采用可选旧源，则该旧源无法绑定固定 commit
HW-01,共享契约内核与干净数据库基线,HW01-05,创建 Prisma 多文件空基线,parent_codex,terra_contracts | terra_tester | terra_security,workspace-write,C,critical,HW01-01 | HW01-03,database/** | packages/database-runtime/** | prisma.config.ts,建立全新的单迁移谱系和按领域文件拆分的 PostgreSQL schema，只包含 Foundation 所需的 iam/config/audit 元数据。,prisma validate/generate | empty database migrate | migration replay twice | rollback/rebuild rehearsal,新 migration 从 0001 开始 | 没有 feedback/handover/ticket/legacy session 表 | 所有 seed 为 synthetic 且幂等,sol-architecture-security,terra_reviewer | terra_security | sol_architecture_security,ACCEPT,database-baseline-report.md | migration-hashes.json | rebuild-receipt.json,需要修改未在 allowed_paths 中声明的路径 | 需要改变已接受 ADR、身份/Session、授权/Scope、TLS、原生权限或数据所有权边界 | 需要新增生产依赖、破坏性数据库操作或对外部系统写入，但任务未明确授权 | 当前工作树包含无法归属的用户修改；若本任务主动采用可选旧源，则该旧源无法绑定固定 commit
HW-01,共享契约内核与干净数据库基线,HW01-06,建立 repository-only 数据访问门,terra_worker,terra_security | terra_reviewer,workspace-write,D,high,HW01-05,packages/database-runtime/** | scripts/governance/** | docs/governance/**,限制原始 Prisma Client 只在明确 repository 模块中使用，防止服务跨领域直接写表。,boundary positive/negative tests | deep import scan | cross-schema write fixture,所有数据访问有 owner | 任意 service handler 直接调用 Prisma 被阻断,sol-acceptance,terra_reviewer | sol_acceptance,ACCEPT,repository-boundary-report.json,需要修改未在 allowed_paths 中声明的路径 | 需要改变已接受 ADR、身份/Session、授权/Scope、TLS、原生权限或数据所有权边界 | 需要新增生产依赖、破坏性数据库操作或对外部系统写入，但任务未明确授权 | 当前工作树包含无法归属的用户修改；若本任务主动采用可选旧源，则该旧源无法绑定固定 commit
HW-01,共享契约内核与干净数据库基线,HW01-07,建立 Testkit 与 deterministic fixtures,luna_fixtures,terra_tester,workspace-write,D,low,HW01-01 | HW01-02 | HW01-04,packages/testkit/**,提供 synthetic 人员、组织、上下文、命令、事件、时钟和失败注入，避免各服务重复造 Mock。,testkit self-tests | seed determinism hash,同 seed 产生相同 fixture | 不含真实医院/患者/员工数据,terra,terra_reviewer,APPROVED,testkit-fixture-catalog.md,需要修改未在 allowed_paths 中声明的路径 | 需要改变已接受 ADR、身份/Session、授权/Scope、TLS、原生权限或数据所有权边界 | 需要新增生产依赖、破坏性数据库操作或对外部系统写入，但任务未明确授权 | 当前工作树包含无法归属的用户修改；若本任务主动采用可选旧源，则该旧源无法绑定固定 commit
HW-01,共享契约内核与干净数据库基线,HW01-08,Core Kernel Gate,parent_codex,terra_reviewer | terra_security,read-only,E,critical,HW01-02 | HW01-04 | HW01-05 | HW01-06 | HW01-07,packages/** | database/** | prisma.config.ts | scripts/governance/**,确认共享内核足够小、纯、版本化，数据库是新谱系且无跨域捷径。,pnpm check | database rebuild | contract fixtures | security review,P0/P1 为零 | 允许进入身份和平台服务开发,sol-phase-gate,terra_reviewer | terra_security | sol_architecture_security | sol_phase_gate,PASS_RECOMMENDED,G01-gate-decision.md,需要修改未在 allowed_paths 中声明的路径 | 需要改变已接受 ADR、身份/Session、授权/Scope、TLS、原生权限或数据所有权边界 | 需要新增生产依赖、破坏性数据库操作或对外部系统写入，但任务未明确授权 | 当前工作树包含无法归属的用户修改；若本任务主动采用可选旧源，则该旧源无法绑定固定 commit
HW-02,人员、组织、身份、Session 与授权主链,HW02-01,定义 Principal、Person 与 Organization Contracts,terra_contracts,luna_fixtures | terra_reviewer,workspace-write,A,high,,packages/identity-contracts/** | packages/contracts-core/** | database/prisma/models/iam.prisma,区分外部认证身份、医院人员主数据、组织归属、岗位角色和运行时 Principal。,contract tests | mapping conflict fixtures | schema validation,外部 identity 与 Person 可独立演进 | Principal 可在每次请求重建/验证,sol-acceptance,terra_reviewer | sol_acceptance,ACCEPT,identity-contract-report.md,需要修改未在 allowed_paths 中声明的路径 | 需要改变已接受 ADR、身份/Session、授权/Scope、TLS、原生权限或数据所有权边界 | 需要新增生产依赖、破坏性数据库操作或对外部系统写入，但任务未明确授权 | 当前工作树包含无法归属的用户修改；若本任务主动采用可选旧源，则该旧源无法绑定固定 commit
HW-02,人员、组织、身份、Session 与授权主链,HW02-02,迁移并净化医院 Identity Bridge,terra_migrator,luna_explorer | terra_tester | terra_security,workspace-write,B,high,HW02-01,services/gateway/src/identity/** | packages/identity-adapter/** | docs/migration/**,从 legacy 身份桥和 HIS credential authority 中抽取协议、重试、映射和测试，不复制旧 Portal UI 或 Session 表。,legacy source verification | adapter contract tests | credential redaction tests,新代码不依赖 `hospital-sso-starter` | 无旧 UI/Session model 进入新仓,sol-acceptance,terra_reviewer | sol_acceptance,ACCEPT,identity-migration-receipt.json,需要修改未在 allowed_paths 中声明的路径 | 需要改变已接受 ADR、身份/Session、授权/Scope、TLS、原生权限或数据所有权边界 | 需要新增生产依赖、破坏性数据库操作或对外部系统写入，但任务未明确授权 | 当前工作树包含无法归属的用户修改；若本任务主动采用可选旧源，则该旧源无法绑定固定 commit
HW-02,人员、组织、身份、Session 与授权主链,HW02-03,实现 Gateway/BFF 与 Logto 回调,parent_codex,terra_worker | terra_tester | terra_security,workspace-write,C,critical,HW02-01 | HW02-02,services/gateway/** | packages/api-client/** | database/prisma/models/iam.prisma | database/prisma/models/config.prisma,建立唯一浏览器/桌面 Web Session 入口，客户端不直接保管 OIDC Token。,OIDC callback tests | CSRF | open redirect | cookie attribute | token leakage scan,Rust/React 不能读取 OIDC Token | Cookie 不进入 localStorage/URL/log,sol-architecture-security,terra_reviewer | terra_security | sol_architecture_security,ACCEPT,gateway-auth-report.md,需要修改未在 allowed_paths 中声明的路径 | 需要改变已接受 ADR、身份/Session、授权/Scope、TLS、原生权限或数据所有权边界 | 需要新增生产依赖、破坏性数据库操作或对外部系统写入，但任务未明确授权 | 当前工作树包含无法归属的用户修改；若本任务主动采用可选旧源，则该旧源无法绑定固定 commit
HW-02,人员、组织、身份、Session 与授权主链,HW02-04,实现 Redis-only Session Authority,parent_codex,terra_worker | terra_tester | terra_security,workspace-write,C,critical,HW02-03 | HW01-03,services/gateway/src/session/** | packages/redis-core/** | database/prisma/models/iam.prisma,Session 创建、查询、撤销、换人和权限版本校验全部以 Redis 为唯一运行时权威。,session lifecycle | replay/reuse | Redis unavailable | family revocation | concurrency,唯一 Session authority 明确 | 任何无法确认的会话均不恢复业务 UI,sol-architecture-security,terra_reviewer | terra_security | sol_architecture_security,ACCEPT,session-authority-receipt.json,需要修改未在 allowed_paths 中声明的路径 | 需要改变已接受 ADR、身份/Session、授权/Scope、TLS、原生权限或数据所有权边界 | 需要新增生产依赖、破坏性数据库操作或对外部系统写入，但任务未明确授权 | 当前工作树包含无法归属的用户修改；若本任务主动采用可选旧源，则该旧源无法绑定固定 commit
HW-02,人员、组织、身份、Session 与授权主链,HW02-05,实现 Authz Core 与 Scope Resolver,parent_codex,terra_contracts | terra_tester | terra_security,workspace-write,D,critical,HW02-01 | HW02-04,packages/authz-core/** | services/gateway/src/authz/** | database/prisma/models/config.prisma,以功能权限、数据范围和当前 Principal 版本三层裁决所有请求。,permission matrix | empty/invalid scope | stale authz version | deny precedence,客户端隐藏按钮不是权限边界 | 服务端每次写命令重新裁决,sol-architecture-security,terra_reviewer | terra_security | sol_architecture_security,ACCEPT,authz-scope-matrix.json,需要修改未在 allowed_paths 中声明的路径 | 需要改变已接受 ADR、身份/Session、授权/Scope、TLS、原生权限或数据所有权边界 | 需要新增生产依赖、破坏性数据库操作或对外部系统写入，但任务未明确授权 | 当前工作树包含无法归属的用户修改；若本任务主动采用可选旧源，则该旧源无法绑定固定 commit
HW-02,人员、组织、身份、Session 与授权主链,HW02-06,建立 Capability Registry 身份入口,terra_worker,terra_contracts | terra_tester,workspace-write,E,medium,HW02-05,packages/capability-contracts/** | services/gateway/src/registry/** | database/prisma/models/config.prisma,建立应用/能力注册表，为后续空间、卡片、事件、深链和权限提供唯一元数据源。,registry schema | unknown capability | disabled/version mismatch tests,不存在第二份静态应用清单 | 未授权 capability 不进入导航,terra,terra_reviewer,APPROVED,capability-registry-snapshot.json,需要修改未在 allowed_paths 中声明的路径 | 需要改变已接受 ADR、身份/Session、授权/Scope、TLS、原生权限或数据所有权边界 | 需要新增生产依赖、破坏性数据库操作或对外部系统写入，但任务未明确授权 | 当前工作树包含无法归属的用户修改；若本任务主动采用可选旧源，则该旧源无法绑定固定 commit
HW-02,人员、组织、身份、Session 与授权主链,HW02-07,Browser/Desktop Session 等价合同,terra_tester,terra_browser | terra_security,workspace-write,F,high,HW02-03 | HW02-04 | HW02-05,services/gateway/test/** | scripts/acceptance/identity/** | docs/security/**,用 synthetic 身份证明浏览器和 Tauri WebView 获取相同 Principal、policy、scope 和撤销行为。,browser acceptance | webview session probe | failure matrix,两类客户端无第二套 token/session | 共享终端不跨用户残留,sol-acceptance,terra_reviewer | sol_acceptance,ACCEPT,identity-primary-chain-receipt.json,需要修改未在 allowed_paths 中声明的路径 | 需要改变已接受 ADR、身份/Session、授权/Scope、TLS、原生权限或数据所有权边界 | 需要新增生产依赖、破坏性数据库操作或对外部系统写入，但任务未明确授权 | 当前工作树包含无法归属的用户修改；若本任务主动采用可选旧源，则该旧源无法绑定固定 commit
HW-02,人员、组织、身份、Session 与授权主链,HW02-08,Identity & Access Gate,parent_codex,terra_reviewer | terra_security,read-only,G,critical,HW02-03 | HW02-04 | HW02-05 | HW02-06 | HW02-07,services/gateway/** | packages/identity-*/** | packages/authz-core/** | database/prisma/models/iam.prisma | database/prisma/models/config.prisma,确认人员中心、Session、权限和 Scope 可以作为所有后续服务的唯一入口。,full identity suite | security scan | failure drills | independent review,P0/P1 为零 | 允许 Workspace 与平台服务接入真实 Principal,sol-phase-gate,terra_reviewer | terra_security | sol_architecture_security | sol_phase_gate,PASS_RECOMMENDED,G02-gate-decision.md,需要修改未在 allowed_paths 中声明的路径 | 需要改变已接受 ADR、身份/Session、授权/Scope、TLS、原生权限或数据所有权边界 | 需要新增生产依赖、破坏性数据库操作或对外部系统写入，但任务未明确授权 | 当前工作树包含无法归属的用户修改；若本任务主动采用可选旧源，则该旧源无法绑定固定 commit
HW-03,Tauri 可信桌面壳与统一 Workspace Web,HW03-01,迁移 Tauri Trust Policy 与 Runtime,parent_codex,terra_migrator | terra_tester | terra_security,workspace-write,A,critical,,apps/desktop-shell/** | docs/migration/** | docs/security/**,从 legacy 固定 commit 复制并重绑定 Tauri 2、WebView2、Profile、Session termination、trusted resume 和证书策略。,cargo test trust-policy | Windows target cargo check | legacy-vs-new behavior matrix,安全测试数量和关键场景不减少 | 不存在 generic shell/fs/http/process plugin,sol-architecture-security,terra_reviewer | terra_security | sol_architecture_security,ACCEPT,desktop-migration-receipt.json | rust-test-report.md,需要修改未在 allowed_paths 中声明的路径 | 需要改变已接受 ADR、身份/Session、授权/Scope、TLS、原生权限或数据所有权边界 | 需要新增生产依赖、破坏性数据库操作或对外部系统写入，但任务未明确授权 | 当前工作树包含无法归属的用户修改；若本任务主动采用可选旧源，则该旧源无法绑定固定 commit
HW-03,Tauri 可信桌面壳与统一 Workspace Web,HW03-02,创建 Workspace Web 骨架,terra_worker,luna_fixtures | terra_reviewer,workspace-write,A,medium,,apps/workspace-web/** | packages/ui/** | packages/workspace-contracts/**,建立 React 19 + Vite 8 的单一工作空间前端，不复制任何旧 Next.js 页面。,unit/component tests | production build | a11y smoke | base path test,无 Next.js/Prisma/server-only | 同一 build 可由浏览器与 Tauri 加载,terra,terra_reviewer,APPROVED,workspace-shell-screenshots | bundle-report.json,需要修改未在 allowed_paths 中声明的路径 | 需要改变已接受 ADR、身份/Session、授权/Scope、TLS、原生权限或数据所有权边界 | 需要新增生产依赖、破坏性数据库操作或对外部系统写入，但任务未明确授权 | 当前工作树包含无法归属的用户修改；若本任务主动采用可选旧源，则该旧源无法绑定固定 commit
HW-03,Tauri 可信桌面壳与统一 Workspace Web,HW03-03,建立 Workspace Release Contract,terra_contracts,luna_fixtures | terra_tester,workspace-write,B,high,HW03-02,packages/release-contracts/** | apps/workspace-web/scripts/** | services/gateway/src/registry/** | infrastructure/nginx/**,将 Workspace 静态制品发布到不可变版本路径并由 Capability Registry 指针选择。,asset closure | hash tamper | base/deep-link refresh | rollback pointer,Tauri 与 Browser 加载同一 releaseId | 制品不依赖构建机路径,sol-acceptance,terra_reviewer | sol_acceptance,ACCEPT,workspace-release-manifest.json,需要修改未在 allowed_paths 中声明的路径 | 需要改变已接受 ADR、身份/Session、授权/Scope、TLS、原生权限或数据所有权边界 | 需要新增生产依赖、破坏性数据库操作或对外部系统写入，但任务未明确授权 | 当前工作树包含无法归属的用户修改；若本任务主动采用可选旧源，则该旧源无法绑定固定 commit
HW-03,Tauri 可信桌面壳与统一 Workspace Web,HW03-04,绑定 Workspace WebView 安全策略,parent_codex,terra_tester | terra_security,workspace-write,C,critical,HW03-01 | HW03-03,apps/desktop-shell/src-tauri/** | apps/desktop-shell/crates/trust-policy/**,将 Tauri 窗口精确绑定到 Registry 批准的 Workspace origin/path/release，并保持 remote capability none。,navigation matrix | wrong origin/path/label | audit failure | certificate policy,remote Workspace 无 native command | 任何安全钩子未就绪时不导航,sol-architecture-security,terra_reviewer | terra_security | sol_architecture_security,ACCEPT,webview-binding-receipt.json,需要修改未在 allowed_paths 中声明的路径 | 需要改变已接受 ADR、身份/Session、授权/Scope、TLS、原生权限或数据所有权边界 | 需要新增生产依赖、破坏性数据库操作或对外部系统写入，但任务未明确授权 | 当前工作树包含无法归属的用户修改；若本任务主动采用可选旧源，则该旧源无法绑定固定 commit
HW-03,Tauri 可信桌面壳与统一 Workspace Web,HW03-05,实现安全 Deep Link Intent,parent_codex,terra_contracts | terra_tester | terra_security,workspace-write,D,high,HW03-04,packages/deep-link-contracts/** | apps/desktop-shell/src-tauri/** | apps/workspace-web/src/routing/**,支持 `hospital-workspace://capability/resource` 唤起，但只传递最小 route intent，不携带敏感正文或任意 URL。,parser property tests | malformed/fuzz | locked/resume | stale user,无法利用 deep link 绕过 Registry 或权限 | 切换人员后旧 intent 被丢弃,sol-acceptance,terra_reviewer | sol_acceptance,ACCEPT,deep-link-matrix.json,需要修改未在 allowed_paths 中声明的路径 | 需要改变已接受 ADR、身份/Session、授权/Scope、TLS、原生权限或数据所有权边界 | 需要新增生产依赖、破坏性数据库操作或对外部系统写入，但任务未明确授权 | 当前工作树包含无法归属的用户修改；若本任务主动采用可选旧源，则该旧源无法绑定固定 commit
HW-03,Tauri 可信桌面壳与统一 Workspace Web,HW03-06,迁移 Profile、Logout、Switch-Person 与 Trusted Resume,terra_tester,terra_migrator | terra_security,workspace-write,E,critical,HW03-01 | HW02-07,apps/desktop-shell/** | scripts/acceptance/desktop/**,在新 Gateway/Workspace 上复验旧 T26/T27 的共享终端安全机制。,lifecycle tests | forced failure | stale response | crash cleanup,关键 T25/T26/T27 场景完整 | 无跨用户本地状态,sol-architecture-security,terra_reviewer | terra_security | sol_architecture_security,ACCEPT,desktop-lifecycle-receipt.json,需要修改未在 allowed_paths 中声明的路径 | 需要改变已接受 ADR、身份/Session、授权/Scope、TLS、原生权限或数据所有权边界 | 需要新增生产依赖、破坏性数据库操作或对外部系统写入，但任务未明确授权 | 当前工作树包含无法归属的用户修改；若本任务主动采用可选旧源，则该旧源无法绑定固定 commit
HW-03,Tauri 可信桌面壳与统一 Workspace Web,HW03-07,Browser/Desktop Workspace E2E,terra_browser,terra_tester | terra_reviewer,workspace-write,F,high,HW03-02 | HW03-04 | HW03-06,apps/workspace-web/e2e/** | scripts/acceptance/desktop/** | evidence/HW-03/**,证明两个客户端看到相同 release、Principal、权限、基础导航和错误遮罩。,Playwright browser | Windows Tauri probe | session equality,两端行为一致 | 证据无秘密或患者数据,sol-acceptance,terra_reviewer | sol_acceptance,ACCEPT,browser-desktop-e2e-receipt.json,需要修改未在 allowed_paths 中声明的路径 | 需要改变已接受 ADR、身份/Session、授权/Scope、TLS、原生权限或数据所有权边界 | 需要新增生产依赖、破坏性数据库操作或对外部系统写入，但任务未明确授权 | 当前工作树包含无法归属的用户修改；若本任务主动采用可选旧源，则该旧源无法绑定固定 commit
HW-03,Tauri 可信桌面壳与统一 Workspace Web,HW03-08,Desktop/Web Foundation Gate,parent_codex,terra_reviewer | terra_security,read-only,G,critical,HW03-04 | HW03-05 | HW03-06 | HW03-07,apps/desktop-shell/** | apps/workspace-web/** | packages/deep-link-contracts/** | packages/release-contracts/**,确认桌面化只改变载体和原生体验，不创建第二套身份或扩大远程权限。,full Rust/TS/browser/desktop checks | security review,P0/P1 为零 | 允许后续平台事件和业务能力进入 Workspace,sol-phase-gate,terra_reviewer | terra_security | sol_architecture_security | sol_phase_gate,PASS_RECOMMENDED,G03-gate-decision.md,需要修改未在 allowed_paths 中声明的路径 | 需要改变已接受 ADR、身份/Session、授权/Scope、TLS、原生权限或数据所有权边界 | 需要新增生产依赖、破坏性数据库操作或对外部系统写入，但任务未明确授权 | 当前工作树包含无法归属的用户修改；若本任务主动采用可选旧源，则该旧源无法绑定固定 commit
HW-04,事件、Inbox、Todo、回放与协同平台,HW04-01,迁移 Hub 核心资产到 Collaboration Service,terra_migrator,luna_inventory | terra_tester | terra_reviewer,workspace-write,A,high,,services/collaboration/** | packages/hub-contracts/** | packages/hub-client/** | docs/migration/**,按目标事件契约实现 Collaboration 服务；若配置可选旧源，只允许提取经白名单审查的 Hub 行为和测试，排除 hub-next、生成物与旧项目假设。,source hash verification | service build/test | no @portal/no hub-next scan,Collaboration Service 可独立启动 | 迁移代码有 provenance,sol-acceptance,terra_reviewer | sol_acceptance,ACCEPT,hub-migration-receipt.json,需要修改未在 allowed_paths 中声明的路径 | 需要改变已接受 ADR、身份/Session、授权/Scope、TLS、原生权限或数据所有权边界 | 需要新增生产依赖、破坏性数据库操作或对外部系统写入，但任务未明确授权 | 当前工作树包含无法归属的用户修改；若本任务主动采用可选旧源，则该旧源无法绑定固定 commit
HW-04,事件、Inbox、Todo、回放与协同平台,HW04-02,建立 Event Catalog 与 Schema Registry,terra_contracts,luna_fixtures | terra_reviewer,workspace-write,A,high,HW01-02,packages/hub-contracts/** | services/collaboration/src/catalog/** | scripts/governance/**,所有可发布事件必须登记 owner、版本、敏感度、可见性、消费者和兼容策略。,catalog checker | duplicate type/version | unknown schema | breaking fixture,新事件必须先注册 | 旧版本保留明确读策略或正式退役,sol-acceptance,terra_reviewer | sol_acceptance,ACCEPT,event-catalog.json | catalog-check.log,需要修改未在 allowed_paths 中声明的路径 | 需要改变已接受 ADR、身份/Session、授权/Scope、TLS、原生权限或数据所有权边界 | 需要新增生产依赖、破坏性数据库操作或对外部系统写入，但任务未明确授权 | 当前工作树包含无法归属的用户修改；若本任务主动采用可选旧源，则该旧源无法绑定固定 commit
HW-04,事件、Inbox、Todo、回放与协同平台,HW04-03,实现 Transactional Outbox SDK 与 Relay,terra_worker,terra_tester | terra_security,workspace-write,B,critical,HW04-01 | HW04-02 | HW01-05,packages/outbox-sdk/** | services/collaboration/src/ingest/** | database/prisma/models/collab.prisma,为所有领域服务提供同事务 Outbox 和可重试 Relay，避免业务成功但事件丢失。,transaction rollback | crash injection | duplicate relay | poison event,无 ghost event、lost event 或双业务写入 | 故障后可恢复 drain,sol-architecture-security,terra_reviewer | terra_security | sol_architecture_security,ACCEPT,outbox-failure-receipts.json,需要修改未在 allowed_paths 中声明的路径 | 需要改变已接受 ADR、身份/Session、授权/Scope、TLS、原生权限或数据所有权边界 | 需要新增生产依赖、破坏性数据库操作或对外部系统写入，但任务未明确授权 | 当前工作树包含无法归属的用户修改；若本任务主动采用可选旧源，则该旧源无法绑定固定 commit
HW-04,事件、Inbox、Todo、回放与协同平台,HW04-04,实现 Durable Event Store、Inbox 与 Todo Projection,terra_worker,terra_tester | terra_reviewer,workspace-write,B,high,HW04-02 | HW04-03,services/collaboration/src/modules/events/** | services/collaboration/src/modules/inbox/** | services/collaboration/src/modules/todos/** | database/prisma/models/collab.prisma,将领域事件可靠写入事件库，并按人员/角色/范围投影到 Inbox 和 Todo。,projection replay | recipient authorization | duplicate/out-of-order | concurrent read cursor,同一事件集可确定性重建 Inbox/Todo | 未读不靠简单序号差,sol-acceptance,terra_reviewer | sol_acceptance,ACCEPT,projection-state-hash.json,需要修改未在 allowed_paths 中声明的路径 | 需要改变已接受 ADR、身份/Session、授权/Scope、TLS、原生权限或数据所有权边界 | 需要新增生产依赖、破坏性数据库操作或对外部系统写入，但任务未明确授权 | 当前工作树包含无法归属的用户修改；若本任务主动采用可选旧源，则该旧源无法绑定固定 commit
HW-04,事件、Inbox、Todo、回放与协同平台,HW04-05,实现 SSE Stream、Cursor 与 Gap Recovery,terra_worker,terra_tester | terra_browser,workspace-write,C,high,HW04-04 | HW02-04,services/collaboration/src/modules/stream/** | packages/hub-client/** | apps/workspace-web/src/platform/events/**,使用一个 same-origin SSE 连接传输实时投影，并在断线后从 durable API 补齐缺口。,single connection assertion | disconnect/gap/replay | 401/session revoked | duplicate/out-of-order,杀掉连接后状态最终一致 | 无重复 UI 活动,sol-acceptance,terra_reviewer | sol_acceptance,ACCEPT,sse-recovery-receipt.json,需要修改未在 allowed_paths 中声明的路径 | 需要改变已接受 ADR、身份/Session、授权/Scope、TLS、原生权限或数据所有权边界 | 需要新增生产依赖、破坏性数据库操作或对外部系统写入，但任务未明确授权 | 当前工作树包含无法归属的用户修改；若本任务主动采用可选旧源，则该旧源无法绑定固定 commit
HW-04,事件、Inbox、Todo、回放与协同平台,HW04-06,实现 Workspace Inbox/Todo/消息中心基础视图,terra_worker,luna_fixtures | terra_browser,workspace-write,D,medium,HW04-05,apps/workspace-web/src/features/inbox/** | apps/workspace-web/src/features/todos/** | packages/ui/**,以人员为中心显示“我的消息”和“我的待办”，不暴露底层系统菜单。,component tests | a11y | 1k/10k fixture performance | redaction,用户可以从待办直达目标工作项 | 锁屏/通知列表不泄漏敏感正文,terra,terra_reviewer,APPROVED,inbox-todo-ui-report.md,需要修改未在 allowed_paths 中声明的路径 | 需要改变已接受 ADR、身份/Session、授权/Scope、TLS、原生权限或数据所有权边界 | 需要新增生产依赖、破坏性数据库操作或对外部系统写入，但任务未明确授权 | 当前工作树包含无法归属的用户修改；若本任务主动采用可选旧源，则该旧源无法绑定固定 commit
HW-04,事件、Inbox、Todo、回放与协同平台,HW04-07,Synthetic Event End-to-End,terra_tester,luna_fixtures | terra_browser,workspace-write,E,high,HW04-03 | HW04-05 | HW04-06,services/collaboration/test/** | apps/workspace-web/e2e/** | packages/testkit/** | evidence/HW-04/**,在没有真实业务领域前走通 command fixture→outbox→event→inbox/todo→SSE→UI→read。,full E2E | failure injection | production absence scan,闭环可重复 | 测试能力不进入 production registry,sol-acceptance,terra_reviewer | sol_acceptance,ACCEPT,synthetic-event-e2e.json,需要修改未在 allowed_paths 中声明的路径 | 需要改变已接受 ADR、身份/Session、授权/Scope、TLS、原生权限或数据所有权边界 | 需要新增生产依赖、破坏性数据库操作或对外部系统写入，但任务未明确授权 | 当前工作树包含无法归属的用户修改；若本任务主动采用可选旧源，则该旧源无法绑定固定 commit
HW-04,事件、Inbox、Todo、回放与协同平台,HW04-08,Event Collaboration Gate,parent_codex,terra_reviewer | terra_security,read-only,F,critical,HW04-03 | HW04-04 | HW04-05 | HW04-07,services/collaboration/** | packages/hub-*/** | packages/outbox-sdk/** | apps/workspace-web/src/platform/events/**,确认事件平台可靠且只是投影/传输层，不拥有业务真相。,full collaboration suite | replay state hash | security review,P0/P1 为零 | 允许 Work Item 与领域服务接入,sol-phase-gate,terra_reviewer | terra_security | sol_acceptance | sol_phase_gate,PASS_RECOMMENDED,G04-gate-decision.md,需要修改未在 allowed_paths 中声明的路径 | 需要改变已接受 ADR、身份/Session、授权/Scope、TLS、原生权限或数据所有权边界 | 需要新增生产依赖、破坏性数据库操作或对外部系统写入，但任务未明确授权 | 当前工作树包含无法归属的用户修改；若本任务主动采用可选旧源，则该旧源无法绑定固定 commit
HW-05,工作项、上下文、卡片协议与 Harness,HW05-01,定义 Space、Thread、WorkItem 与 Activity Contracts,terra_contracts,luna_fixtures | terra_reviewer,workspace-write,A,high,,packages/workspace-contracts/** | packages/workitem-contracts/**,将应用入口改为能力空间，将每笔业务/项目/Agent Run 映射为线程和工作项。,schema tests | cross-domain fixtures | invalid ownership/status tests,同一模型可表达用户列出的七类基本单位 | 不把所有事件都误建为 Todo,sol-acceptance,terra_reviewer | sol_acceptance,ACCEPT,workitem-contract-snapshot.json,需要修改未在 allowed_paths 中声明的路径 | 需要改变已接受 ADR、身份/Session、授权/Scope、TLS、原生权限或数据所有权边界 | 需要新增生产依赖、破坏性数据库操作或对外部系统写入，但任务未明确授权 | 当前工作树包含无法归属的用户修改；若本任务主动采用可选旧源，则该旧源无法绑定固定 commit
HW-05,工作项、上下文、卡片协议与 Harness,HW05-02,定义 Card、Action 与 Canvas Protocol,terra_contracts,luna_fixtures | terra_security,workspace-write,A,high,HW01-02 | HW05-01,packages/card-protocol/** | packages/capability-sdk/**,让高频业务通过结构化卡片处理，复杂详情通过 Canvas 展开，自然语言只负责表达与协作。,schema/renderer fixtures | unknown card | action replay | XSS/unsafe URL,无法通过 card 注入 JS/HTML/任意 endpoint | 动作只有服务端 accepted event 后完成,sol-acceptance,terra_reviewer | sol_acceptance,ACCEPT,card-protocol-catalog.json,需要修改未在 allowed_paths 中声明的路径 | 需要改变已接受 ADR、身份/Session、授权/Scope、TLS、原生权限或数据所有权边界 | 需要新增生产依赖、破坏性数据库操作或对外部系统写入，但任务未明确授权 | 当前工作树包含无法归属的用户修改；若本任务主动采用可选旧源，则该旧源无法绑定固定 commit
HW-05,工作项、上下文、卡片协议与 Harness,HW05-03,实现 Work Item Projection 与 Query API,terra_worker,terra_tester | terra_reviewer,workspace-write,B,high,HW05-01 | HW04-04,services/collaboration/src/modules/work-items/** | database/prisma/models/collab.prisma,从领域事件确定性投影工作项、参与者、期限和状态，不允许客户端任意创建权威状态。,projection replay | scope matrix | out-of-order/duplicate | rebuild hash,同事件集产生相同 work item | 跨科室查询被拒,sol-acceptance,terra_reviewer | sol_acceptance,ACCEPT,workitem-projection-receipt.json,需要修改未在 allowed_paths 中声明的路径 | 需要改变已接受 ADR、身份/Session、授权/Scope、TLS、原生权限或数据所有权边界 | 需要新增生产依赖、破坏性数据库操作或对外部系统写入，但任务未明确授权 | 当前工作树包含无法归属的用户修改；若本任务主动采用可选旧源，则该旧源无法绑定固定 commit
HW-05,工作项、上下文、卡片协议与 Harness,HW05-04,实现 Harness、Decision 与 Handoff 状态机,parent_codex,terra_contracts | terra_tester | terra_reviewer,workspace-write,B,critical,HW05-01 | HW04-04,services/collaboration/src/modules/harness/** | services/collaboration/src/modules/decisions/** | services/collaboration/src/modules/handoffs/** | packages/harness-contracts/**,借鉴 Knowe Harness，但用服务端确定性状态机保证任务、裁决、交接和完成留痕。,transition table | invalid transition | approve/reject race | cancel/late event | restart recovery,每次状态变化产生注册事件 | 决策和交接不可静默丢失,sol-architecture-security,terra_reviewer | terra_security | sol_architecture_security,ACCEPT,harness-state-machine-report.md,需要修改未在 allowed_paths 中声明的路径 | 需要改变已接受 ADR、身份/Session、授权/Scope、TLS、原生权限或数据所有权边界 | 需要新增生产依赖、破坏性数据库操作或对外部系统写入，但任务未明确授权 | 当前工作树包含无法归属的用户修改；若本任务主动采用可选旧源，则该旧源无法绑定固定 commit
HW-05,工作项、上下文、卡片协议与 Harness,HW05-05,实现 Command Dispatcher 与 Action Receipt,terra_worker,terra_tester | terra_security,workspace-write,C,high,HW05-02 | HW05-04,services/gateway/src/commands/** | services/collaboration/src/modules/command-receipts/** | packages/capability-sdk/**,统一接收 Workspace 卡片动作、路由到领域服务，并将 pending/accepted/rejected/conflict 回执投影回线程。,double click | timeout/unknown result | 403/409 | replay | stale session,重复动作不重复写业务 | 错误可诊断且时间线一致,sol-acceptance,terra_reviewer | sol_acceptance,ACCEPT,command-receipt-matrix.json,需要修改未在 allowed_paths 中声明的路径 | 需要改变已接受 ADR、身份/Session、授权/Scope、TLS、原生权限或数据所有权边界 | 需要新增生产依赖、破坏性数据库操作或对外部系统写入，但任务未明确授权 | 当前工作树包含无法归属的用户修改；若本任务主动采用可选旧源，则该旧源无法绑定固定 commit
HW-05,工作项、上下文、卡片协议与 Harness,HW05-06,实现 Context Resolver 与最小化快照,terra_worker,terra_contracts | terra_security,workspace-write,C,high,HW05-01 | HW02-05,services/gateway/src/context/** | packages/context-contracts/** | apps/workspace-web/src/context/**,为线程提供人员、组织、位置、患者、资产和项目上下文引用，但每次展示都重新授权并最小化。,authorization matrix | stale context | redaction | cache absence,跨用户/科室不能复用敏感上下文 | 线程可解释当前处理对象,sol-acceptance,terra_reviewer | sol_acceptance,ACCEPT,context-security-report.md,需要修改未在 allowed_paths 中声明的路径 | 需要改变已接受 ADR、身份/Session、授权/Scope、TLS、原生权限或数据所有权边界 | 需要新增生产依赖、破坏性数据库操作或对外部系统写入，但任务未明确授权 | 当前工作树包含无法归属的用户修改；若本任务主动采用可选旧源，则该旧源无法绑定固定 commit
HW-05,工作项、上下文、卡片协议与 Harness,HW05-07,实现 Workspace Space/Thread/Timeline/Card/Canvas Runtime,terra_worker,terra_browser | luna_fixtures,workspace-write,D,medium,HW05-02 | HW05-03 | HW05-05 | HW05-06,apps/workspace-web/src/features/spaces/** | apps/workspace-web/src/features/threads/** | apps/workspace-web/src/features/timeline/** | apps/workspace-web/src/features/cards/** | apps/workspace-web/src/features/canvas/**,完成新产品的核心交互骨架：用户围绕工作项处理，不围绕系统菜单跳转。,component/e2e | a11y | deep link refresh | long timeline performance,可用 synthetic fixtures 完成完整动作 | UI 不自行创造业务完成状态,terra,terra_reviewer,APPROVED,workspace-runtime-evidence.md,需要修改未在 allowed_paths 中声明的路径 | 需要改变已接受 ADR、身份/Session、授权/Scope、TLS、原生权限或数据所有权边界 | 需要新增生产依赖、破坏性数据库操作或对外部系统写入，但任务未明确授权 | 当前工作树包含无法归属的用户修改；若本任务主动采用可选旧源，则该旧源无法绑定固定 commit
HW-05,工作项、上下文、卡片协议与 Harness,HW05-08,Synthetic Work Item & Harness E2E,terra_tester,luna_fixtures | terra_browser,workspace-write,E,high,HW05-04 | HW05-05 | HW05-07,services/collaboration/test/** | apps/workspace-web/e2e/** | evidence/HW-05/**,走通创建工作项、指派、动作、Decision、Handoff、完成、断线恢复和事件重放。,multi-user E2E | failure injection | projection rebuild,状态机和 UI 一致 | 每个决策/交接都有 provenance,sol-acceptance,terra_reviewer | sol_acceptance,ACCEPT,synthetic-harness-e2e.json,需要修改未在 allowed_paths 中声明的路径 | 需要改变已接受 ADR、身份/Session、授权/Scope、TLS、原生权限或数据所有权边界 | 需要新增生产依赖、破坏性数据库操作或对外部系统写入，但任务未明确授权 | 当前工作树包含无法归属的用户修改；若本任务主动采用可选旧源，则该旧源无法绑定固定 commit
HW-05,工作项、上下文、卡片协议与 Harness,HW05-09,Work Item & Harness Gate,parent_codex,terra_reviewer | terra_security,read-only,F,critical,HW05-03 | HW05-04 | HW05-05 | HW05-06 | HW05-08,services/collaboration/** | packages/*workitem*/** | packages/card-protocol/** | packages/harness-contracts/** | apps/workspace-web/**,确认工作项/群聊/Harness 是可靠协作层而不是新业务大单体。,full work/harness suite | state replay | security review,P0/P1 为零 | 允许真实领域接入,sol-phase-gate,terra_reviewer | terra_security | sol_acceptance | sol_phase_gate,PASS_RECOMMENDED,G05-gate-decision.md,需要修改未在 allowed_paths 中声明的路径 | 需要改变已接受 ADR、身份/Session、授权/Scope、TLS、原生权限或数据所有权边界 | 需要新增生产依赖、破坏性数据库操作或对外部系统写入，但任务未明确授权 | 当前工作树包含无法归属的用户修改；若本任务主动采用可选旧源，则该旧源无法绑定固定 commit
HW-06,首个真实垂直切片：信息报修与协作工单,HW06-01,审计并白名单抽取 Legacy Ticket Domain,terra_migrator,luna_explorer | terra_reviewer,workspace-write,A,high,,docs/migration/tickets/** | services/tickets/** | packages/ticket-contracts/**,按目标 Ticket 契约重新实现状态机、repository、outbox、附件与测试；若配置可选旧源，仅作需求核对和算法提取，拒绝复制 Next UI、页面会话与旧通知入口。,source manifest | behavior fixture extraction | no Next/UI import scan,领域规则来源可追溯 | 新服务未依赖 legacy workspace,sol-acceptance,terra_reviewer | sol_acceptance,ACCEPT,ticket-migration-plan.yaml,需要修改未在 allowed_paths 中声明的路径 | 需要改变已接受 ADR、身份/Session、授权/Scope、TLS、原生权限或数据所有权边界 | 需要新增生产依赖、破坏性数据库操作或对外部系统写入，但任务未明确授权 | 当前工作树包含无法归属的用户修改；若本任务主动采用可选旧源，则该旧源无法绑定固定 commit
HW-06,首个真实垂直切片：信息报修与协作工单,HW06-02,冻结 Ticket Contracts 与状态机,terra_contracts,luna_fixtures | terra_reviewer,workspace-write,A,high,HW06-01,packages/ticket-contracts/** | packages/card-protocol/** | packages/hub-contracts/**,定义 Ticket、Incident、Participant、AttachmentRef、SLA、命令、事件和卡片协议。,transition table | invalid actor/status | event/card fixtures | assetRef validation,所有状态变化只能由命令产生 | 可表达个人工单与公共故障,sol-acceptance,terra_reviewer | sol_acceptance,ACCEPT,ticket-contract-snapshot.json,需要修改未在 allowed_paths 中声明的路径 | 需要改变已接受 ADR、身份/Session、授权/Scope、TLS、原生权限或数据所有权边界 | 需要新增生产依赖、破坏性数据库操作或对外部系统写入，但任务未明确授权 | 当前工作树包含无法归属的用户修改；若本任务主动采用可选旧源，则该旧源无法绑定固定 commit
HW-06,首个真实垂直切片：信息报修与协作工单,HW06-03,实现 Ticket Service 与数据库模型,parent_codex,terra_worker | terra_tester | terra_security,workspace-write,B,critical,HW06-02,services/tickets/** | database/prisma/models/ticket.prisma | database/migrations/**,实现独立 Ticket 领域服务、repository、状态机、权限和审计。,service unit/integration | database migration/rebuild | permission/scope | state table,服务可独立部署 | Workspace/Collaboration 不直接写 ticket 表,sol-architecture-security,terra_reviewer | terra_security | sol_architecture_security,ACCEPT,ticket-service-report.md,需要修改未在 allowed_paths 中声明的路径 | 需要改变已接受 ADR、身份/Session、授权/Scope、TLS、原生权限或数据所有权边界 | 需要新增生产依赖、破坏性数据库操作或对外部系统写入，但任务未明确授权 | 当前工作树包含无法归属的用户修改；若本任务主动采用可选旧源，则该旧源无法绑定固定 commit
HW-06,首个真实垂直切片：信息报修与协作工单,HW06-04,实现 Ticket Outbox、事件与 WorkItem Mapping,terra_worker,terra_tester | terra_reviewer,workspace-write,B,high,HW06-03 | HW04-03 | HW05-03,services/tickets/src/events/** | services/collaboration/src/mappings/tickets/**,让工单状态与 Outbox 同事务，并确定性投影为线程、工作项、待办和活动。,outbox crash | replay mapping | recipient scope | SLA retry,不丢单、不重复接单 | 重放可恢复相同工作项,sol-acceptance,terra_reviewer | sol_acceptance,ACCEPT,ticket-event-workitem-receipt.json,需要修改未在 allowed_paths 中声明的路径 | 需要改变已接受 ADR、身份/Session、授权/Scope、TLS、原生权限或数据所有权边界 | 需要新增生产依赖、破坏性数据库操作或对外部系统写入，但任务未明确授权 | 当前工作树包含无法归属的用户修改；若本任务主动采用可选旧源，则该旧源无法绑定固定 commit
HW-06,首个真实垂直切片：信息报修与协作工单,HW06-05,实现受控附件链,terra_worker,terra_tester | terra_security,workspace-write,C,critical,HW06-03,services/tickets/src/attachments/** | packages/asset-contracts/** | infrastructure/storage/**,支持报修图片和文件，同时防止路径泄漏、MIME 欺骗、跨工单访问和长期公开 URL。,malicious filename | MIME mismatch | oversize | cross-ticket IDOR | replay,不存在任意文件读写和公开永久链接 | 审计可追踪上传/查看,sol-architecture-security,terra_reviewer | terra_security | sol_architecture_security,ACCEPT,attachment-security-report.json,需要修改未在 allowed_paths 中声明的路径 | 需要改变已接受 ADR、身份/Session、授权/Scope、TLS、原生权限或数据所有权边界 | 需要新增生产依赖、破坏性数据库操作或对外部系统写入，但任务未明确授权 | 当前工作树包含无法归属的用户修改；若本任务主动采用可选旧源，则该旧源无法绑定固定 commit
HW-06,首个真实垂直切片：信息报修与协作工单,HW06-06,实现 Workspace Tickets Capability,terra_worker,terra_browser | luna_fixtures,workspace-write,D,medium,HW06-02 | HW06-04 | HW06-05,apps/workspace-web/src/capabilities/tickets/** | packages/ui/**,用空间、队列、线程、卡片和 Canvas 取代旧报修网页。,component tests | a11y | deep link | 403/409/expired | attachment E2E,用户不离开 Workspace 完成报修闭环 | UI 只展示服务端允许动作,terra,terra_reviewer,APPROVED,tickets-capability-evidence.md,需要修改未在 allowed_paths 中声明的路径 | 需要改变已接受 ADR、身份/Session、授权/Scope、TLS、原生权限或数据所有权边界 | 需要新增生产依赖、破坏性数据库操作或对外部系统写入，但任务未明确授权 | 当前工作树包含无法归属的用户修改；若本任务主动采用可选旧源，则该旧源无法绑定固定 commit
HW-06,首个真实垂直切片：信息报修与协作工单,HW06-07,多人并发、故障与恢复 E2E,terra_tester,terra_browser | terra_security,workspace-write,E,critical,HW06-04 | HW06-06,services/tickets/test/** | apps/workspace-web/e2e/tickets/** | evidence/HW-06/**,验证临床用户、两个工程师、管理员在并发、断线和服务故障下的一致性。,multi-user Playwright | race tests | failure injection | replay hash,无双接单、状态倒退或跨用户泄漏 | 故障后最终一致,sol-acceptance,terra_reviewer | terra_security | sol_acceptance,ACCEPT,ticket-multiuser-e2e.json,需要修改未在 allowed_paths 中声明的路径 | 需要改变已接受 ADR、身份/Session、授权/Scope、TLS、原生权限或数据所有权边界 | 需要新增生产依赖、破坏性数据库操作或对外部系统写入，但任务未明确授权 | 当前工作树包含无法归属的用户修改；若本任务主动采用可选旧源，则该旧源无法绑定固定 commit
HW-06,首个真实垂直切片：信息报修与协作工单,HW06-08,信息科内部 MVP Gate,parent_codex,terra_reviewer | terra_security,read-only,F,critical,HW06-03 | HW06-05 | HW06-07,services/tickets/** | apps/workspace-web/src/capabilities/tickets/** | services/collaboration/**,确认第一个真实领域证明新架构可用，但不等于医院试点。,full ticket suite | security review | MVP usability checklist,P0/P1 为零 | 只批准内部非患者敏感 MVP,sol-phase-gate,terra_reviewer | terra_security | sol_acceptance | sol_phase_gate,PASS_RECOMMENDED,G06-MVP-gate-decision.md,需要修改未在 allowed_paths 中声明的路径 | 需要改变已接受 ADR、身份/Session、授权/Scope、TLS、原生权限或数据所有权边界 | 需要新增生产依赖、破坏性数据库操作或对外部系统写入，但任务未明确授权 | 当前工作树包含无法归属的用户修改；若本任务主动采用可选旧源，则该旧源无法绑定固定 commit
HW-07,第二个垂直切片：确费与强确定性短流程,HW07-01,审计并抽取 Legacy Fee Domain,terra_migrator,luna_explorer | terra_reviewer,workspace-write,A,high,,docs/migration/fee/** | services/fee/** | packages/fee-contracts/**,按目标 Fee 契约重新实现业务规则、HIS Adapter 与测试；若配置可选旧源，仅作需求核对和算法提取，不复制 Next 页面、Radix 组件、Mock 数据与旧 Hub UI。,source manifest | behavior fixtures | no Next/UI import,领域需求可追溯 | 新服务无旧页面依赖,sol-acceptance,terra_reviewer | sol_acceptance,ACCEPT,fee-migration-plan.yaml,需要修改未在 allowed_paths 中声明的路径 | 需要改变已接受 ADR、身份/Session、授权/Scope、TLS、原生权限或数据所有权边界 | 需要新增生产依赖、破坏性数据库操作或对外部系统写入，但任务未明确授权 | 当前工作树包含无法归属的用户修改；若本任务主动采用可选旧源，则该旧源无法绑定固定 commit
HW-07,第二个垂直切片：确费与强确定性短流程,HW07-02,冻结 Fee Contracts 与状态机,terra_contracts,luna_fixtures | terra_reviewer,workspace-write,A,high,HW07-01,packages/fee-contracts/** | packages/card-protocol/** | packages/hub-contracts/**,定义 Fee Item/Batch/Confirmation、Money、患者摘要、命令、事件、错误和卡片。,money/time tests | state table | idempotency | redaction,金额与状态无歧义 | 未知结果不被前端视为成功,sol-acceptance,terra_reviewer | sol_acceptance,ACCEPT,fee-contract-snapshot.json,需要修改未在 allowed_paths 中声明的路径 | 需要改变已接受 ADR、身份/Session、授权/Scope、TLS、原生权限或数据所有权边界 | 需要新增生产依赖、破坏性数据库操作或对外部系统写入，但任务未明确授权 | 当前工作树包含无法归属的用户修改；若本任务主动采用可选旧源，则该旧源无法绑定固定 commit
HW-07,第二个垂直切片：确费与强确定性短流程,HW07-03,实现 Fee Service 与 Hosp Access Adapter,parent_codex,terra_worker | terra_tester | terra_security,workspace-write,B,critical,HW07-02,services/fee/** | database/prisma/models/fee.prisma | packages/hosp-contracts/**,实现独立确费服务，HIS 访问全部经过受控 Hosp Access/Adapter，平台不伪造 HIS 真相。,service integration | fake HIS | timeout/unknown | permission/scope | migration rebuild,Workspace 不直接调用 HIS | 服务重试不重复确费,sol-architecture-security,terra_reviewer | terra_security | sol_architecture_security,ACCEPT,fee-service-report.md,需要修改未在 allowed_paths 中声明的路径 | 需要改变已接受 ADR、身份/Session、授权/Scope、TLS、原生权限或数据所有权边界 | 需要新增生产依赖、破坏性数据库操作或对外部系统写入，但任务未明确授权 | 当前工作树包含无法归属的用户修改；若本任务主动采用可选旧源，则该旧源无法绑定固定 commit
HW-07,第二个垂直切片：确费与强确定性短流程,HW07-04,实现 Fee Outbox 与 WorkItem Mapping,terra_worker,terra_tester | terra_reviewer,workspace-write,B,high,HW07-03,services/fee/src/events/** | services/collaboration/src/mappings/fee/**,将待确费、确认、取消、冲突、过期和未知结果投影到人员待办和时间线。,outbox crash | recipient scope | replay | unknown result,无 ghost confirmation | 工作项与 HIS/平台状态可解释,sol-acceptance,terra_reviewer | sol_acceptance,ACCEPT,fee-event-workitem-receipt.json,需要修改未在 allowed_paths 中声明的路径 | 需要改变已接受 ADR、身份/Session、授权/Scope、TLS、原生权限或数据所有权边界 | 需要新增生产依赖、破坏性数据库操作或对外部系统写入，但任务未明确授权 | 当前工作树包含无法归属的用户修改；若本任务主动采用可选旧源，则该旧源无法绑定固定 commit
HW-07,第二个垂直切片：确费与强确定性短流程,HW07-05,实现 Workspace Fee Capability,terra_worker,terra_browser | luna_fixtures,workspace-write,C,medium,HW07-02 | HW07-04,apps/workspace-web/src/capabilities/fee/**,提供待确费队列、单笔卡片、批次/明细 Canvas 和确认/取消动作。,component/a11y | double click | 403/409/unknown | sensitive memory/log scan,高频操作步骤减少 | 不会因聊天文本“确认”直接写业务,terra,terra_reviewer,APPROVED,fee-capability-evidence.md,需要修改未在 allowed_paths 中声明的路径 | 需要改变已接受 ADR、身份/Session、授权/Scope、TLS、原生权限或数据所有权边界 | 需要新增生产依赖、破坏性数据库操作或对外部系统写入，但任务未明确授权 | 当前工作树包含无法归属的用户修改；若本任务主动采用可选旧源，则该旧源无法绑定固定 commit
HW-07,第二个垂直切片：确费与强确定性短流程,HW07-06,确费安全、并发与恢复 E2E,terra_tester,terra_browser | terra_security,workspace-write,D,critical,HW07-03 | HW07-05,services/fee/test/** | apps/workspace-web/e2e/fee/** | evidence/HW-07/**,验证重复点击、并发用户、HIS 超时、Hub 中断、切换人员和撤权。,race tests | fake HIS fault matrix | replay | privacy scan,不重复收费/确认 | 未知状态诚实保留 | 最终一致,sol-acceptance,terra_reviewer | terra_security | sol_acceptance,ACCEPT,fee-e2e-receipt.json,需要修改未在 allowed_paths 中声明的路径 | 需要改变已接受 ADR、身份/Session、授权/Scope、TLS、原生权限或数据所有权边界 | 需要新增生产依赖、破坏性数据库操作或对外部系统写入，但任务未明确授权 | 当前工作树包含无法归属的用户修改；若本任务主动采用可选旧源，则该旧源无法绑定固定 commit
HW-07,第二个垂直切片：确费与强确定性短流程,HW07-07,Fee Vertical Slice Gate,parent_codex,terra_reviewer | terra_security,read-only,E,critical,HW07-03 | HW07-04 | HW07-06,services/fee/** | apps/workspace-web/src/capabilities/fee/** | services/collaboration/src/mappings/fee/**,确认新交互提高效率但没有牺牲财务和患者安全。,full fee suite | security review | workflow usability,P0/P1 为零 | 允许进入交班和轻应用,sol-phase-gate,terra_reviewer | terra_security | sol_acceptance | sol_phase_gate,PASS_RECOMMENDED,G07-gate-decision.md,需要修改未在 allowed_paths 中声明的路径 | 需要改变已接受 ADR、身份/Session、授权/Scope、TLS、原生权限或数据所有权边界 | 需要新增生产依赖、破坏性数据库操作或对外部系统写入，但任务未明确授权 | 当前工作树包含无法归属的用户修改；若本任务主动采用可选旧源，则该旧源无法绑定固定 commit
HW-08,临床交班与声明式轻应用,HW08-01,定义 Handover Contracts 与敏感度模型,terra_contracts,luna_fixtures | terra_security,workspace-write,A,critical,,packages/handover-contracts/** | packages/card-protocol/** | packages/hub-contracts/**,定义班次、科室、交班条目、风险等级、确认、修订、版本和最小通知投影。,contract/state tests | redaction | version conflict,临床正文不会进入 Hub 通用摘要 | 确认与修订可审计,sol-architecture-security,terra_reviewer | terra_security | sol_architecture_security,ACCEPT,handover-contract-snapshot.json,需要修改未在 allowed_paths 中声明的路径 | 需要改变已接受 ADR、身份/Session、授权/Scope、TLS、原生权限或数据所有权边界 | 需要新增生产依赖、破坏性数据库操作或对外部系统写入，但任务未明确授权 | 当前工作树包含无法归属的用户修改；若本任务主动采用可选旧源，则该旧源无法绑定固定 commit
HW-08,临床交班与声明式轻应用,HW08-02,实现 Handover Service,parent_codex,terra_worker | terra_tester | terra_security,workspace-write,B,critical,HW08-01,services/handover/** | database/prisma/models/handover.prisma,实现独立交班服务、版本控制、权限/Scope、Outbox 和审计。,service integration | scope matrix | concurrent edit | history/audit | rebuild,无越权跨科室读取 | 历史修订不可覆盖,sol-architecture-security,terra_reviewer | terra_security | sol_architecture_security,ACCEPT,handover-service-report.md,需要修改未在 allowed_paths 中声明的路径 | 需要改变已接受 ADR、身份/Session、授权/Scope、TLS、原生权限或数据所有权边界 | 需要新增生产依赖、破坏性数据库操作或对外部系统写入，但任务未明确授权 | 当前工作树包含无法归属的用户修改；若本任务主动采用可选旧源，则该旧源无法绑定固定 commit
HW-08,临床交班与声明式轻应用,HW08-03,实现 Handover WorkItem 与 Workspace Capability,terra_worker,terra_browser | terra_tester,workspace-write,C,high,HW08-02,services/collaboration/src/mappings/handover/** | apps/workspace-web/src/capabilities/handover/**,按班次和科室形成空间/线程/工作项，详情在受控 Canvas 中处理。,projection replay | UI privacy | switch-person | concurrent conflict,护士/医生可完成班次交接 | 敏感正文最小驻留,sol-acceptance,terra_reviewer | sol_acceptance,ACCEPT,handover-capability-evidence.md,需要修改未在 allowed_paths 中声明的路径 | 需要改变已接受 ADR、身份/Session、授权/Scope、TLS、原生权限或数据所有权边界 | 需要新增生产依赖、破坏性数据库操作或对外部系统写入，但任务未明确授权 | 当前工作树包含无法归属的用户修改；若本任务主动采用可选旧源，则该旧源无法绑定固定 commit
HW-08,临床交班与声明式轻应用,HW08-04,定义 Schema App DSL v1,terra_contracts,luna_fixtures | terra_security,workspace-write,A,high,,packages/schema-app-contracts/**,建立声明式 Form/List/Table/Timeline/Detail/Approval 轻应用协议，禁止任意代码和任意 endpoint。,schema fuzz | XSS fixtures | unknown component/action | arbitrary URL,DSL 无法表达任意代码执行 | 未知内容 fail-closed,sol-acceptance,terra_reviewer | sol_acceptance,ACCEPT,schema-app-v1.json,需要修改未在 allowed_paths 中声明的路径 | 需要改变已接受 ADR、身份/Session、授权/Scope、TLS、原生权限或数据所有权边界 | 需要新增生产依赖、破坏性数据库操作或对外部系统写入，但任务未明确授权 | 当前工作树包含无法归属的用户修改；若本任务主动采用可选旧源，则该旧源无法绑定固定 commit
HW-08,临床交班与声明式轻应用,HW08-05,实现 Schema Renderer 与 Data Binding,terra_worker,terra_tester | terra_browser,workspace-write,D,high,HW08-04 | HW05-05,apps/workspace-web/src/schema-runtime/** | packages/ui/** | packages/capability-sdk/**,渲染经验证 Schema，并通过受控 API/Command Dispatcher 加载数据和执行动作。,component matrix | CSP/XSS | permission | unknown schema | a11y,无 direct arbitrary fetch | Schema App 与内置 Capability 共享身份/事件/卡片体验,sol-acceptance,terra_reviewer | sol_acceptance,ACCEPT,schema-renderer-report.md,需要修改未在 allowed_paths 中声明的路径 | 需要改变已接受 ADR、身份/Session、授权/Scope、TLS、原生权限或数据所有权边界 | 需要新增生产依赖、破坏性数据库操作或对外部系统写入，但任务未明确授权 | 当前工作树包含无法归属的用户修改；若本任务主动采用可选旧源，则该旧源无法绑定固定 commit
HW-08,临床交班与声明式轻应用,HW08-06,实现 Schema App 签名发布与回滚,parent_codex,terra_worker | terra_tester | terra_security,workspace-write,E,critical,HW08-04 | HW02-06,services/gateway/src/registry/schema-apps/** | database/prisma/models/config.prisma | scripts/release/schema-apps/**,只有经审批、哈希和签名的 immutable Schema App release 才能进入 Registry。,tamper/signature | unknown signer | rollback | runtime version mismatch,无法静默替换轻应用 | 发布和回滚可审计,sol-architecture-security,terra_reviewer | terra_security | sol_architecture_security,ACCEPT,schema-app-release-receipt.json,需要修改未在 allowed_paths 中声明的路径 | 需要改变已接受 ADR、身份/Session、授权/Scope、TLS、原生权限或数据所有权边界 | 需要新增生产依赖、破坏性数据库操作或对外部系统写入，但任务未明确授权 | 当前工作树包含无法归属的用户修改；若本任务主动采用可选旧源，则该旧源无法绑定固定 commit
HW-08,临床交班与声明式轻应用,HW08-07,交付首个 Synthetic Schema App,luna_fixtures,terra_worker | terra_tester,workspace-write,F,medium,HW08-05 | HW08-06,examples/schema-apps/** | apps/workspace-web/e2e/schema-apps/**,用非敏感的设备巡检或通知确认验证 DSL，不迁移旧业务。,schema validation | E2E | upgrade/rollback | production absence,完整轻应用不新增前端工程 | 无敏感真实数据,terra,terra_reviewer,APPROVED,schema-app-demo-evidence.md,需要修改未在 allowed_paths 中声明的路径 | 需要改变已接受 ADR、身份/Session、授权/Scope、TLS、原生权限或数据所有权边界 | 需要新增生产依赖、破坏性数据库操作或对外部系统写入，但任务未明确授权 | 当前工作树包含无法归属的用户修改；若本任务主动采用可选旧源，则该旧源无法绑定固定 commit
HW-08,临床交班与声明式轻应用,HW08-08,Handover & Schema App Gate,parent_codex,terra_reviewer | terra_security,read-only,G,critical,HW08-02 | HW08-03 | HW08-05 | HW08-06 | HW08-07,services/handover/** | apps/workspace-web/src/capabilities/handover/** | packages/schema-app-contracts/** | apps/workspace-web/src/schema-runtime/**,确认高敏临床场景和轻应用扩展都未突破安全边界。,full handover/schema suite | security review,P0/P1 为零 | 轻应用只用于批准的低风险场景,sol-phase-gate,terra_reviewer | terra_security | sol_architecture_security | sol_phase_gate,PASS_RECOMMENDED,G08-gate-decision.md,需要修改未在 allowed_paths 中声明的路径 | 需要改变已接受 ADR、身份/Session、授权/Scope、TLS、原生权限或数据所有权边界 | 需要新增生产依赖、破坏性数据库操作或对外部系统写入，但任务未明确授权 | 当前工作树包含无法归属的用户修改；若本任务主动采用可选旧源，则该旧源无法绑定固定 commit
HW-09,Agent Gateway、Coordinator／Worker 与受控协作,HW09-01,定义 Agent Run、Task、Attempt 与 Approval Contracts,terra_contracts,luna_fixtures | terra_reviewer,workspace-write,A,critical,,packages/agent-contracts/** | packages/harness-contracts/** | packages/hub-contracts/**,将自然语言消息、Agent 计划、任务、工具调用、等待、阻塞、审批、产物和完成状态严格分离。,state transition | invalid completion | approval race | late event,契约能表达 Coordinator/Worker | 用户裁决优先且不可被模型覆盖,sol-architecture-security,terra_reviewer | terra_security | sol_architecture_security,ACCEPT,agent-contract-snapshot.json,需要修改未在 allowed_paths 中声明的路径 | 需要改变已接受 ADR、身份/Session、授权/Scope、TLS、原生权限或数据所有权边界 | 需要新增生产依赖、破坏性数据库操作或对外部系统写入，但任务未明确授权 | 当前工作树包含无法归属的用户修改；若本任务主动采用可选旧源，则该旧源无法绑定固定 commit
HW-09,Agent Gateway、Coordinator／Worker 与受控协作,HW09-02,建立 Agent Gateway 服务与 Provider Boundary,terra_worker,terra_tester | terra_security,workspace-write,B,high,HW09-01,services/agent-gateway/** | database/prisma/models/agent.prisma | packages/agent-contracts/**,建立模型调用、Run 持久化、队列、恢复、取消和成本计量，模型密钥只在服务端。,provider fake | timeout/retry | restart recovery | cancel | secret scan,客户端无模型 API Key | 服务重启不丢审批/状态,sol-acceptance,terra_reviewer | sol_acceptance,ACCEPT,agent-gateway-runtime-report.md,需要修改未在 allowed_paths 中声明的路径 | 需要改变已接受 ADR、身份/Session、授权/Scope、TLS、原生权限或数据所有权边界 | 需要新增生产依赖、破坏性数据库操作或对外部系统写入，但任务未明确授权 | 当前工作树包含无法归属的用户修改；若本任务主动采用可选旧源，则该旧源无法绑定固定 commit
HW-09,Agent Gateway、Coordinator／Worker 与受控协作,HW09-03,实现 Coordinator／Worker 编排,parent_codex,terra_worker | terra_tester | terra_reviewer,workspace-write,B,critical,HW09-01 | HW09-02,services/agent-gateway/src/orchestration/** | packages/agent-contracts/**,借鉴 Knowe 的项目经理和专门成员，但由确定性 Runtime 管理任务依赖、并发、Handoff 和汇总。,task DAG | cycle detection | handoff reject/rework | worker failure | parallel resource lock,Agent 团队可协作但无法绕过系统任务状态 | 每个结果可追溯到 Worker/Attempt,sol-architecture-security,terra_reviewer | terra_security | sol_architecture_security,ACCEPT,agent-orchestration-report.md,需要修改未在 allowed_paths 中声明的路径 | 需要改变已接受 ADR、身份/Session、授权/Scope、TLS、原生权限或数据所有权边界 | 需要新增生产依赖、破坏性数据库操作或对外部系统写入，但任务未明确授权 | 当前工作树包含无法归属的用户修改；若本任务主动采用可选旧源，则该旧源无法绑定固定 commit
HW-09,Agent Gateway、Coordinator／Worker 与受控协作,HW09-04,实现受控 Tool Registry 与 Risk Policy,parent_codex,terra_contracts | terra_tester | terra_security,workspace-write,C,critical,HW09-02 | HW02-05,services/agent-gateway/src/tools/** | packages/tool-contracts/** | database/prisma/models/config.prisma,只允许模型通过 provider-native structured tool calls 调用批准的医院 API 工具。,fake text tool call | unknown tool | scope deny | approval required | result injection | replay,无通用逃逸工具 | 所有 ToolCall 绑定 Principal/Run/Trace/Audit,sol-architecture-security,terra_reviewer | terra_security | sol_architecture_security,ACCEPT,tool-registry-risk-matrix.json,需要修改未在 allowed_paths 中声明的路径 | 需要改变已接受 ADR、身份/Session、授权/Scope、TLS、原生权限或数据所有权边界 | 需要新增生产依赖、破坏性数据库操作或对外部系统写入，但任务未明确授权 | 当前工作树包含无法归属的用户修改；若本任务主动采用可选旧源，则该旧源无法绑定固定 commit
HW-09,Agent Gateway、Coordinator／Worker 与受控协作,HW09-05,集成 Harness、Decision、Handoff 与 Outbox,terra_worker,terra_tester | terra_reviewer,workspace-write,C,high,HW09-03 | HW09-04 | HW05-04,services/agent-gateway/src/harness/** | services/collaboration/src/mappings/agents/**,将 Agent Run 投影到线程、工作项、审批卡片和活动时间线。,approve/reject race | cancel late result | restart waiting | outbox replay,Agent 状态与 Workspace 时间线一致 | 每个批准可审计,sol-acceptance,terra_reviewer | sol_acceptance,ACCEPT,agent-harness-e2e.json,需要修改未在 allowed_paths 中声明的路径 | 需要改变已接受 ADR、身份/Session、授权/Scope、TLS、原生权限或数据所有权边界 | 需要新增生产依赖、破坏性数据库操作或对外部系统写入，但任务未明确授权 | 当前工作树包含无法归属的用户修改；若本任务主动采用可选旧源，则该旧源无法绑定固定 commit
HW-09,Agent Gateway、Coordinator／Worker 与受控协作,HW09-06,实现 Workspace Agent Team UI,terra_worker,terra_browser | luna_fixtures,workspace-write,D,medium,HW09-05,apps/workspace-web/src/capabilities/agents/**,提供类似群聊的 Agent 协作界面，但清晰展示任务、成员、状态、工具、审批、产物和错误。,component/a11y | approval UI | cancel/retry | long run reconnect,用户能知道谁在做什么、等待什么和为何完成 | 无误导性“已完成”,terra,terra_reviewer,APPROVED,agent-team-ui-evidence.md,需要修改未在 allowed_paths 中声明的路径 | 需要改变已接受 ADR、身份/Session、授权/Scope、TLS、原生权限或数据所有权边界 | 需要新增生产依赖、破坏性数据库操作或对外部系统写入，但任务未明确授权 | 当前工作树包含无法归属的用户修改；若本任务主动采用可选旧源，则该旧源无法绑定固定 commit
HW-09,Agent Gateway、Coordinator／Worker 与受控协作,HW09-07,首个低风险 Agent：报修分诊建议,terra_worker,luna_fixtures | terra_tester | terra_security,workspace-write,E,high,HW09-04 | HW09-06,services/agent-gateway/src/scenarios/ticket-triage/** | apps/workspace-web/src/capabilities/agents/** | services/tickets/src/agent-tools/**,用只读/建议模式验证 Agent 团队，不自动创建或改变工单。,golden eval | provider failure | malicious prompt | user reject | audit,未达到质量阈值保持建议模式 | AI 失败不影响报修留痕,sol-acceptance,terra_reviewer | sol_acceptance,ACCEPT,ticket-triage-agent-eval.json,需要修改未在 allowed_paths 中声明的路径 | 需要改变已接受 ADR、身份/Session、授权/Scope、TLS、原生权限或数据所有权边界 | 需要新增生产依赖、破坏性数据库操作或对外部系统写入，但任务未明确授权 | 当前工作树包含无法归属的用户修改；若本任务主动采用可选旧源，则该旧源无法绑定固定 commit
HW-09,Agent Gateway、Coordinator／Worker 与受控协作,HW09-08,Agent Red-Team 与 Gate,parent_codex,terra_reviewer | terra_security,read-only,F,critical,HW09-03 | HW09-04 | HW09-05 | HW09-07,services/agent-gateway/** | packages/agent-contracts/** | packages/tool-contracts/** | apps/workspace-web/src/capabilities/agents/**,确认 Agent 能提高协作效率但无法获得超越人员和业务服务的权限。,red-team suite | full agent E2E | security review,P0/P1 为零 | 只批准低风险建议场景,sol-phase-gate,terra_reviewer | terra_security | sol_acceptance | sol_architecture_security | sol_phase_gate,PASS_RECOMMENDED,G09-gate-decision.md,需要修改未在 allowed_paths 中声明的路径 | 需要改变已接受 ADR、身份/Session、授权/Scope、TLS、原生权限或数据所有权边界 | 需要新增生产依赖、破坏性数据库操作或对外部系统写入，但任务未明确授权 | 当前工作树包含无法归属的用户修改；若本任务主动采用可选旧源，则该旧源无法绑定固定 commit
HW-10,知识整理项目、治理生命周期与 Agent 协作,HW10-01,定义 Knowledge Contracts 与生命周期,terra_contracts,luna_fixtures | terra_reviewer,workspace-write,A,high,,packages/knowledge-contracts/** | packages/harness-contracts/** | packages/hub-contracts/**,定义 KnowledgeProject、SourceDocument、Node、Relation、Claim、Version、Review、Decision 和 Scope。,state/scope tests | provenance fixtures | supersede/retire,任何知识结论可回到来源和专家裁决 | 模型置信度不等于批准,sol-acceptance,terra_reviewer | sol_acceptance,ACCEPT,knowledge-contract-snapshot.json,需要修改未在 allowed_paths 中声明的路径 | 需要改变已接受 ADR、身份/Session、授权/Scope、TLS、原生权限或数据所有权边界 | 需要新增生产依赖、破坏性数据库操作或对外部系统写入，但任务未明确授权 | 当前工作树包含无法归属的用户修改；若本任务主动采用可选旧源，则该旧源无法绑定固定 commit
HW-10,知识整理项目、治理生命周期与 Agent 协作,HW10-02,实现 Knowledge Service 与数据库,parent_codex,terra_worker | terra_tester | terra_security,workspace-write,B,critical,HW10-01,services/knowledge/** | database/prisma/models/knowledge.prisma,实现知识项目、节点、版本、关系、来源、审校和范围查询。,service integration | scope/permission | version conflict | retire history | migration rebuild,知识服务是权威，向量索引只是派生 | 未审校内容不能标 active,sol-architecture-security,terra_reviewer | terra_security | sol_architecture_security,ACCEPT,knowledge-service-report.md,需要修改未在 allowed_paths 中声明的路径 | 需要改变已接受 ADR、身份/Session、授权/Scope、TLS、原生权限或数据所有权边界 | 需要新增生产依赖、破坏性数据库操作或对外部系统写入，但任务未明确授权 | 当前工作树包含无法归属的用户修改；若本任务主动采用可选旧源，则该旧源无法绑定固定 commit
HW-10,知识整理项目、治理生命周期与 Agent 协作,HW10-03,实现 Knowledge WorkItem/Harness Mapping,terra_worker,terra_tester | terra_reviewer,workspace-write,B,high,HW10-02 | HW05-04,services/collaboration/src/mappings/knowledge/**,将文档摄取、抽取、审校、批准、发布和退役投影为工作项、Decision、Handoff 和 Todo。,projection replay | review assignment | decision authority,知识治理过程透明 | 模型结果不会绕过审校,sol-acceptance,terra_reviewer | sol_acceptance,ACCEPT,knowledge-workitem-receipt.json,需要修改未在 allowed_paths 中声明的路径 | 需要改变已接受 ADR、身份/Session、授权/Scope、TLS、原生权限或数据所有权边界 | 需要新增生产依赖、破坏性数据库操作或对外部系统写入，但任务未明确授权 | 当前工作树包含无法归属的用户修改；若本任务主动采用可选旧源，则该旧源无法绑定固定 commit
HW-10,知识整理项目、治理生命周期与 Agent 协作,HW10-04,实现 Workspace Knowledge Project Capability,terra_worker,terra_browser | luna_fixtures,workspace-write,C,medium,HW10-02 | HW10-03,apps/workspace-web/src/capabilities/knowledge/**,提供文档来源、知识节点、关系、审校队列、版本比较和发布/退役 Canvas。,component/a11y | version diff | scope privacy | decision flow,专家能基于来源审校 | active/retired 状态清晰,terra,terra_reviewer,APPROVED,knowledge-ui-evidence.md,需要修改未在 allowed_paths 中声明的路径 | 需要改变已接受 ADR、身份/Session、授权/Scope、TLS、原生权限或数据所有权边界 | 需要新增生产依赖、破坏性数据库操作或对外部系统写入，但任务未明确授权 | 当前工作树包含无法归属的用户修改；若本任务主动采用可选旧源，则该旧源无法绑定固定 commit
HW-10,知识整理项目、治理生命周期与 Agent 协作,HW10-05,实现知识整理 Coordinator／Worker,terra_worker,terra_contracts | terra_tester | terra_security,workspace-write,D,high,HW09-03 | HW10-02,services/agent-gateway/src/scenarios/knowledge/** | services/knowledge/src/agent-tools/**,按资料解析、术语标准化、FHIR 映射、质量核查、知识审校建议拆分 Agent Worker。,golden fixtures | conflicting sources | low confidence | expert reject | cancel/restart,Agent 加速整理但不能自我发布 | 每项建议有来源,sol-acceptance,terra_reviewer | sol_acceptance,ACCEPT,knowledge-agent-eval.json,需要修改未在 allowed_paths 中声明的路径 | 需要改变已接受 ADR、身份/Session、授权/Scope、TLS、原生权限或数据所有权边界 | 需要新增生产依赖、破坏性数据库操作或对外部系统写入，但任务未明确授权 | 当前工作树包含无法归属的用户修改；若本任务主动采用可选旧源，则该旧源无法绑定固定 commit
HW-10,知识整理项目、治理生命周期与 Agent 协作,HW10-06,建立派生检索与 Provenance API,terra_worker,terra_tester | terra_security,workspace-write,E,high,HW10-02,services/knowledge/src/search/** | packages/search-contracts/** | infrastructure/search/**,提供关键词/向量/关系的混合检索接口，但结果只返回当前用户可见的 active/approved 知识及来源。,index rebuild | scope leakage | retired exclusion | provenance,删除索引可从权威数据重建 | 无跨 scope 召回,sol-acceptance,terra_reviewer | sol_acceptance,ACCEPT,knowledge-search-report.json,需要修改未在 allowed_paths 中声明的路径 | 需要改变已接受 ADR、身份/Session、授权/Scope、TLS、原生权限或数据所有权边界 | 需要新增生产依赖、破坏性数据库操作或对外部系统写入，但任务未明确授权 | 当前工作树包含无法归属的用户修改；若本任务主动采用可选旧源，则该旧源无法绑定固定 commit
HW-10,知识整理项目、治理生命周期与 Agent 协作,HW10-07,知识治理 E2E 与专家裁决测试,terra_tester,terra_browser | terra_security,workspace-write,F,critical,HW10-03 | HW10-04 | HW10-05 | HW10-06,services/knowledge/test/** | apps/workspace-web/e2e/knowledge/** | evidence/HW-10/**,从 synthetic 文档到 Agent 建议、专家修改、批准、发布、检索、退役和 supersede 完成全链。,multi-role E2E | search privacy | index rebuild | decision audit,专家权威可证明 | 历史和来源完整,sol-acceptance,terra_reviewer | terra_security | sol_acceptance,ACCEPT,knowledge-governance-e2e.json,需要修改未在 allowed_paths 中声明的路径 | 需要改变已接受 ADR、身份/Session、授权/Scope、TLS、原生权限或数据所有权边界 | 需要新增生产依赖、破坏性数据库操作或对外部系统写入，但任务未明确授权 | 当前工作树包含无法归属的用户修改；若本任务主动采用可选旧源，则该旧源无法绑定固定 commit
HW-10,知识整理项目、治理生命周期与 Agent 协作,HW10-08,Knowledge Governance Gate,parent_codex,terra_reviewer | terra_security,read-only,G,critical,HW10-02 | HW10-05 | HW10-06 | HW10-07,services/knowledge/** | services/agent-gateway/src/scenarios/knowledge/** | apps/workspace-web/src/capabilities/knowledge/**,确认知识资产可持续增长且可治理，不把 LLM 输出直接当临床知识。,full knowledge suite | red-team | security review,P0/P1 为零 | 只批准 synthetic/非临床生产知识试点,sol-phase-gate,terra_reviewer | terra_security | sol_acceptance | sol_phase_gate,PASS_RECOMMENDED,G10-gate-decision.md,需要修改未在 allowed_paths 中声明的路径 | 需要改变已接受 ADR、身份/Session、授权/Scope、TLS、原生权限或数据所有权边界 | 需要新增生产依赖、破坏性数据库操作或对外部系统写入，但任务未明确授权 | 当前工作树包含无法归属的用户修改；若本任务主动采用可选旧源，则该旧源无法绑定固定 commit
HW-11,灵动岛、系统通知、发布硬化与受控试点,HW11-01,定义 Surface Event 与隐私策略,terra_contracts,luna_fixtures | terra_security,workspace-write,A,critical,,packages/surface-contracts/** | docs/security/**,定义可投影到原生表面的最小字段、敏感度、过期、去重和 Deep Link。,PHI/PII fixtures | oversize | deep link | unknown fields,任意未验证 payload 被拒 | Surface 不成为业务真相,sol-architecture-security,terra_reviewer | terra_security | sol_architecture_security,ACCEPT,surface-contract-snapshot.json,需要修改未在 allowed_paths 中声明的路径 | 需要改变已接受 ADR、身份/Session、授权/Scope、TLS、原生权限或数据所有权边界 | 需要新增生产依赖、破坏性数据库操作或对外部系统写入，但任务未明确授权 | 当前工作树包含无法归属的用户修改；若本任务主动采用可选旧源，则该旧源无法绑定固定 commit
HW-11,灵动岛、系统通知、发布硬化与受控试点,HW11-02,接受并实现最小 Workspace-only Native Bridge,parent_codex,terra_worker | terra_tester | terra_security,workspace-write,B,critical,HW11-01 | HW03-04,docs/adr/** | apps/desktop-shell/src-tauri/** | apps/desktop-shell/src-tauri/capabilities/**,新增唯一受控 `publish_surface_event`/等价命令，精确绑定 Workspace label/origin/path，并在 Rust 端重新验证。,wrong caller | legacy webview | fuzz | replay | audit failure | kill switch,任何 guard/audit 失败 fail-closed | 桥接不能执行任意命令,sol-architecture-security,terra_reviewer | terra_security | sol_architecture_security,ACCEPT,native-bridge-security-receipt.json,需要修改未在 allowed_paths 中声明的路径 | 需要改变已接受 ADR、身份/Session、授权/Scope、TLS、原生权限或数据所有权边界 | 需要新增生产依赖、破坏性数据库操作或对外部系统写入，但任务未明确授权 | 当前工作树包含无法归属的用户修改；若本任务主动采用可选旧源，则该旧源无法绑定固定 commit
HW-11,灵动岛、系统通知、发布硬化与受控试点,HW11-03,实现 Tray、Windows Toast 与 Island Projection,terra_worker,terra_tester | terra_browser,workspace-write,C,high,HW11-02,apps/desktop-shell/src-tauri/** | apps/workspace-web/src/platform/surfaces/**,将同一业务事件投影到三种表面，点击后安全唤起对应工作项。,surface mapping | lock/switch user | click route | duplicate/update | rate limit,三表面状态一致 | 跨用户零残留,sol-acceptance,terra_reviewer | sol_acceptance,ACCEPT,native-surface-evidence.md,需要修改未在 allowed_paths 中声明的路径 | 需要改变已接受 ADR、身份/Session、授权/Scope、TLS、原生权限或数据所有权边界 | 需要新增生产依赖、破坏性数据库操作或对外部系统写入，但任务未明确授权 | 当前工作树包含无法归属的用户修改；若本任务主动采用可选旧源，则该旧源无法绑定固定 commit
HW-11,灵动岛、系统通知、发布硬化与受控试点,HW11-04,构建 Desktop MSI 与 WebView2 发布闭包,parent_codex,terra_tester | terra_security,workspace-write,D,critical,HW03-08 | HW11-03,apps/desktop-shell/** | infrastructure/windows/** | scripts/release/desktop/**,生成 x64 per-machine MSI，验证 WebView2 最低版本、安装、升级、卸载、回滚和 Profile 清理。,Windows build | MSI install/upgrade/downgrade/uninstall | WebView2 missing/old | rollback,产物可重建且 hash 可验证 | 旧版本可回滚,sol-architecture-security,terra_reviewer | terra_security | sol_architecture_security,ACCEPT,MSI-lifecycle-receipt.json,需要修改未在 allowed_paths 中声明的路径 | 需要改变已接受 ADR、身份/Session、授权/Scope、TLS、原生权限或数据所有权边界 | 需要新增生产依赖、破坏性数据库操作或对外部系统写入，但任务未明确授权 | 当前工作树包含无法归属的用户修改；若本任务主动采用可选旧源，则该旧源无法绑定固定 commit
HW-11,灵动岛、系统通知、发布硬化与受控试点,HW11-05,构建 Server Immutable Release 与 No-Egress 安装,parent_codex,terra_tester | terra_reviewer,workspace-write,D,critical,HW10-08,infrastructure/nginx/** | infrastructure/systemd/** | scripts/release/server/** | docs/ops/**,为 Gateway、Collaboration、Hosp Access、Tickets、Fee、Handover、Agent、Knowledge 和 Workspace 静态制品建立不可变发布与回滚。,offline assemble | bundle closure | health/stop | rollback | secret/symlink scan,删除构建机 store 后仍可运行 | 各服务可独立回滚且版本兼容矩阵明确,sol-architecture-security,terra_reviewer | terra_security | sol_architecture_security,ACCEPT,server-release-manifest-set.json,需要修改未在 allowed_paths 中声明的路径 | 需要改变已接受 ADR、身份/Session、授权/Scope、TLS、原生权限或数据所有权边界 | 需要新增生产依赖、破坏性数据库操作或对外部系统写入，但任务未明确授权 | 当前工作树包含无法归属的用户修改；若本任务主动采用可选旧源，则该旧源无法绑定固定 commit
HW-11,灵动岛、系统通知、发布硬化与受控试点,HW11-06,建立监控、备份、恢复与运行手册,terra_worker,luna_docs | terra_tester,workspace-write,E,high,HW11-05,packages/observability/** | docs/ops/** | scripts/ops/** | infrastructure/monitoring/**,让 1～2 人团队能定位 Session、SSE、Outbox、DB、Redis、Agent、Desktop 和业务故障。,alert fixtures | backup restore | runbook drill | failure triage,核心故障有可操作手册和恢复证据 | 告警不包含敏感正文,sol-acceptance,terra_reviewer | sol_acceptance,ACCEPT,ops-readiness-report.md,需要修改未在 allowed_paths 中声明的路径 | 需要改变已接受 ADR、身份/Session、授权/Scope、TLS、原生权限或数据所有权边界 | 需要新增生产依赖、破坏性数据库操作或对外部系统写入，但任务未明确授权 | 当前工作树包含无法归属的用户修改；若本任务主动采用可选旧源，则该旧源无法绑定固定 commit
HW-11,灵动岛、系统通知、发布硬化与受控试点,HW11-07,真实 Browser/Desktop/Anolis 受控试点验收,terra_tester,terra_browser | terra_security | terra_reviewer,workspace-write,F,critical,HW11-04 | HW11-05 | HW11-06,scripts/acceptance/pilot/** | evidence/HW-11/** | docs/ops/**,在授权环境验证信息科、一个临床病区和工程师组的真实主链路。,real environment receipts | failure matrix | privacy scan | usability metrics,不得以 WSL2/Mock 替代声明 | P0=0，P1=0 才可建议试点,sol-acceptance,terra_reviewer | terra_security | sol_acceptance,ACCEPT,pilot-dossier.json,需要修改未在 allowed_paths 中声明的路径 | 需要改变已接受 ADR、身份/Session、授权/Scope、TLS、原生权限或数据所有权边界 | 需要新增生产依赖、破坏性数据库操作或对外部系统写入，但任务未明确授权 | 当前工作树包含无法归属的用户修改；若本任务主动采用可选旧源，则该旧源无法绑定固定 commit
HW-11,灵动岛、系统通知、发布硬化与受控试点,HW11-08,G11-PILOT 人工决议,parent_codex,terra_reviewer | terra_security,read-only,G,critical,HW11-02 | HW11-04 | HW11-05 | HW11-07,evidence/HW-11/** | docs/program/** | docs/ops/**,综合安全、发布、恢复、功能、性能和用户体验证据，给出 GO/NO-GO 建议，最终由医院负责人签署。,evidence audit | independent review,人工签署前不推广 | G11 不等于全院生产批准,sol-phase-gate,terra_reviewer | terra_security | sol_architecture_security | sol_phase_gate,PASS_RECOMMENDED,G11-PILOT-gate-decision.md,需要修改未在 allowed_paths 中声明的路径 | 需要改变已接受 ADR、身份/Session、授权/Scope、TLS、原生权限或数据所有权边界 | 需要新增生产依赖、破坏性数据库操作或对外部系统写入，但任务未明确授权 | 当前工作树包含无法归属的用户修改；若本任务主动采用可选旧源，则该旧源无法绑定固定 commit
HW-12,容量、HA、灰度发布与全院生产,HW12-01,建立真实负载、容量与成本模型,terra_reviewer,luna_inventory | terra_tester,read-only,A,high,,evidence/HW-11/** | docs/capacity/** | scripts/load/**,根据试点实际测量用户、连接、事件、API、数据库、附件和 Agent 负载，不用猜测代替。,metric source audit | load model reproducibility,每个容量数字有来源 | 人工确认假设,sol-acceptance,terra_reviewer | sol_acceptance,ACCEPT,capacity-model.json,需要修改未在 allowed_paths 中声明的路径 | 需要改变已接受 ADR、身份/Session、授权/Scope、TLS、原生权限或数据所有权边界 | 需要新增生产依赖、破坏性数据库操作或对外部系统写入，但任务未明确授权 | 当前工作树包含无法归属的用户修改；若本任务主动采用可选旧源，则该旧源无法绑定固定 commit
HW-12,容量、HA、灰度发布与全院生产,HW12-02,优化 PostgreSQL Pool、查询与 HA,parent_codex,terra_worker | terra_tester | terra_security,workspace-write,B,critical,HW12-01,packages/postgres-core/** | packages/database-runtime/** | database/** | infrastructure/postgresql/** | scripts/load/db/**,先优化连接持有、事务和查询，再选择 PgBouncer/复制/故障切换方案。,load/soak | failover | consistency | backup restore,无不可控 waiter 增长 | 数据一致且可恢复,sol-architecture-security,terra_reviewer | terra_security | sol_architecture_security,ACCEPT,postgres-ha-receipt.json,需要修改未在 allowed_paths 中声明的路径 | 需要改变已接受 ADR、身份/Session、授权/Scope、TLS、原生权限或数据所有权边界 | 需要新增生产依赖、破坏性数据库操作或对外部系统写入，但任务未明确授权 | 当前工作树包含无法归属的用户修改；若本任务主动采用可选旧源，则该旧源无法绑定固定 commit
HW-12,容量、HA、灰度发布与全院生产,HW12-03,实现 Redis Session 与 Queue HA,parent_codex,terra_worker | terra_tester | terra_security,workspace-write,B,critical,HW12-01,packages/redis-core/** | infrastructure/redis/** | services/gateway/src/session/** | services/agent-gateway/src/queue/**,在不改变 Redis Session 唯一权威和 fail-closed 的前提下实现批准的 HA。,failover | session revoke | split-brain prevention | queue dedup,故障切换不恢复已撤销 Session | Agent Task 不重复副作用,sol-architecture-security,terra_reviewer | terra_security | sol_architecture_security,ACCEPT,redis-ha-receipt.json,需要修改未在 allowed_paths 中声明的路径 | 需要改变已接受 ADR、身份/Session、授权/Scope、TLS、原生权限或数据所有权边界 | 需要新增生产依赖、破坏性数据库操作或对外部系统写入，但任务未明确授权 | 当前工作树包含无法归属的用户修改；若本任务主动采用可选旧源，则该旧源无法绑定固定 commit
HW-12,容量、HA、灰度发布与全院生产,HW12-04,Collaboration 多实例与 SSE 横向扩展,parent_codex,terra_worker | terra_tester | terra_reviewer,workspace-write,C,critical,HW12-01 | HW12-03,services/collaboration/** | infrastructure/collaboration/** | scripts/load/collaboration/**,让连接局部、事件共享、重放持久，实例故障不造成事件缺口或未读不一致。,multi-instance load | kill instance | duplicate/gap | unread consistency,实例故障后最终一致 | 可回滚单实例,sol-architecture-security,terra_reviewer | terra_security | sol_architecture_security,ACCEPT,collaboration-scale-receipt.json,需要修改未在 allowed_paths 中声明的路径 | 需要改变已接受 ADR、身份/Session、授权/Scope、TLS、原生权限或数据所有权边界 | 需要新增生产依赖、破坏性数据库操作或对外部系统写入，但任务未明确授权 | 当前工作树包含无法归属的用户修改；若本任务主动采用可选旧源，则该旧源无法绑定固定 commit
HW-12,容量、HA、灰度发布与全院生产,HW12-05,Agent、Knowledge 与附件容量治理,terra_worker,terra_tester | terra_security,workspace-write,C,high,HW12-01,services/agent-gateway/** | services/knowledge/** | infrastructure/storage/** | scripts/load/agent/**,建立并发、队列、模型预算、索引重建、附件配额和降级。,load/soak | budget limit | provider outage | index rebuild | storage quota,高负载不拖垮确定性业务 | 降级可见可审计,sol-acceptance,terra_reviewer | sol_acceptance,ACCEPT,agent-knowledge-capacity-report.json,需要修改未在 allowed_paths 中声明的路径 | 需要改变已接受 ADR、身份/Session、授权/Scope、TLS、原生权限或数据所有权边界 | 需要新增生产依赖、破坏性数据库操作或对外部系统写入，但任务未明确授权 | 当前工作树包含无法归属的用户修改；若本任务主动采用可选旧源，则该旧源无法绑定固定 commit
HW-12,容量、HA、灰度发布与全院生产,HW12-06,实现 Server/Workspace/Desktop 分环灰度,parent_codex,terra_worker | terra_tester | terra_security,workspace-write,D,critical,HW12-02 | HW12-03 | HW12-04,services/gateway/src/registry/releases/** | infrastructure/releases/** | apps/desktop-shell/** | docs/ops/release-rings.md,分别管理服务端、Workspace 静态 release 和 Desktop Runtime 版本兼容，支持试点/科室/院区分环。,version skew | ring rollout | rollback | offline/stale client,不可兼容版本不被运行 | 回滚不需重装全部组件,sol-architecture-security,terra_reviewer | terra_security | sol_architecture_security,ACCEPT,release-ring-receipt.json,需要修改未在 allowed_paths 中声明的路径 | 需要改变已接受 ADR、身份/Session、授权/Scope、TLS、原生权限或数据所有权边界 | 需要新增生产依赖、破坏性数据库操作或对外部系统写入，但任务未明确授权 | 当前工作树包含无法归属的用户修改；若本任务主动采用可选旧源，则该旧源无法绑定固定 commit
HW-12,容量、HA、灰度发布与全院生产,HW12-07,生产 SLO、责任与持续治理,luna_docs,terra_reviewer | terra_security,workspace-write,E,high,HW12-01,docs/ops/** | docs/governance/** | infrastructure/monitoring/**,明确 1～2 人团队可持续维护的值守、升级、审计、风险、数据保留和变更流程。,runbook tabletop | on-call scenario | governance audit,运行责任明确 | 计划不依赖单个 Agent 或个人隐性知识,sol-acceptance,terra_reviewer | sol_acceptance,ACCEPT,production-operations-charter.md,需要修改未在 allowed_paths 中声明的路径 | 需要改变已接受 ADR、身份/Session、授权/Scope、TLS、原生权限或数据所有权边界 | 需要新增生产依赖、破坏性数据库操作或对外部系统写入，但任务未明确授权 | 当前工作树包含无法归属的用户修改；若本任务主动采用可选旧源，则该旧源无法绑定固定 commit
HW-12,容量、HA、灰度发布与全院生产,HW12-08,G12-PRODUCTION 最终人工决议,parent_codex,terra_reviewer | terra_security,read-only,F,critical,HW12-02 | HW12-03 | HW12-04 | HW12-05 | HW12-06 | HW12-07,evidence/** | docs/program/** | docs/ops/** | docs/capacity/**,核对所有试点、容量、HA、发布、恢复、安全和运营证据，给出全院生产 GO/NO-GO 建议。,evidence audit | independent security/operations review,P0/P1 为零 | 医院授权负责人签署后方可全院推广,sol-phase-gate,terra_reviewer | terra_security | sol_acceptance | sol_architecture_security | sol_phase_gate,PASS_RECOMMENDED,G12-PRODUCTION-gate-decision.md,需要修改未在 allowed_paths 中声明的路径 | 需要改变已接受 ADR、身份/Session、授权/Scope、TLS、原生权限或数据所有权边界 | 需要新增生产依赖、破坏性数据库操作或对外部系统写入，但任务未明确授权 | 当前工作树包含无法归属的用户修改；若本任务主动采用可选旧源，则该旧源无法绑定固定 commit
